"COD_BRANCHE";"COD_BAT_TYPE";"COD_PRODUCTION_CHAUD";"COD_ENERGIE";"ANNEE";"SURFACES";"BESOIN";"CONSOMMATION_EF"
"01";"42";"01";"01";"2015";674984.1226000001;98018096.50149998;147715326.0059
"01";"42";"01";"06";"2015";3716524.533499999;330346187.3631;488012098.7741999
"01";"42";"03";"03";"2015";3575381.411100001;405312366.44629997;735465091.6496001
"01";"42";"04";"04";"2015";12270331.081000008;1876606887.6222992;2581614699.588199
"01";"42";"05";"02";"2015";8513811.3167;1474640936.1235006;600179460.3817002
"01";"42";"06";"02";"2015";9835394.614099996;720470832.7957002;783120477.4501001
"01";"42";"21";"01";"2015";125109.3991;3838185.2226999993;5010156.6514
"01";"42";"21";"06";"2015";153470.2763;4709381.647299999;6039300.7272
"01";"42";"23";"03";"2015";37640.6372;1122189.6528999999;1558261.7256999994
"01";"42";"24";"04";"2015";1216735.3199;69423447.682;73043751.9945
"01";"42";"25";"02";"2015";1318646.8376999996;155863619.8261;49055367.2208
"01";"42";"26";"02";"2015";291108.8805;9013773.110100001;9013772.687299998
"01";"44";"01";"01";"2015";1017903.6125000003;110688824.62490003;166693719.4106
"01";"44";"01";"06";"2015";4654355.5075;306731975.4457999;453111075.9274
"01";"44";"03";"03";"2015";6343299.9215;279357120.3625001;504072734.9907001
"01";"44";"04";"04";"2015";23224963.87779999;2521119474.0936007;3446416386.7710996
"01";"44";"06";"02";"2015";16844681.0271;990870234.7674003;1077032873.0359
"01";"44";"09";"02";"2015";11419689.377700003;1090944088.4989;370452001.3368999
"01";"44";"21";"01";"2015";184212.2847;3179071.7019;4144656.8483999996
"01";"44";"21";"06";"2015";141297.1367;2432414.5367;3128944.0790999997
"01";"44";"23";"03";"2015";54791.9115;936858.5995;1295407.7522
"01";"44";"24";"04";"2015";3100631.8862999994;285986322.5744;299556216.52880013
"01";"44";"26";"02";"2015";576624.4102000003;24343887.2375;24343886.9602
"01";"44";"29";"02";"2015";2236278.6846000007;142995896.2965;42082369.327400014
"01";"45";"01";"01";"2015";293511.5871;47588455.56379999;71293566.5355
"01";"45";"01";"06";"2015";2221431.6128;375651599.8824001;553976695.6060001
"01";"45";"03";"03";"2015";1096946.8641;180279094.25269994;331517317.21400005
"01";"45";"04";"04";"2015";8247253.197200001;1390197397.3448997;1937017381.1055994
"01";"45";"06";"02";"2015";5074477.426300001;805078560.8592001;875085397.2262
"01";"45";"21";"01";"2015";100090.8189;10922519.112599999;14181405.159000004
"01";"45";"21";"06";"2015";139700.7571;15245668.757600002;19485772.243200004
"01";"45";"23";"03";"2015";41953.01;4573721.9746;6364767.619199999
"01";"45";"24";"04";"2015";1065558.5609000002;131789910.83030002;138930976.21150002
"01";"45";"26";"02";"2015";900325.5904;117009414.2292;117009413.77310002
"01";"83";"01";"01";"2015";186712.433;12449793.3955;18634625.209200002
"01";"83";"01";"06";"2015";1437439.4958000001;86528326.72419998;126818599.85889998
"01";"83";"03";"03";"2015";1329297.0019;90266772.43779999;162730803.39659998
"01";"83";"04";"04";"2015";5848205.3933999995;418546095.2651;571628143.4507
"01";"83";"06";"02";"2015";1693092.6014;91597984.25039999;99563026.48279996
"01";"83";"09";"02";"2015";3458129.3855999997;259354383.1975;88068997.2958
"01";"83";"21";"01";"2015";58179.8936;1791982.7239;2324533.2126
"01";"83";"21";"06";"2015";81737.2251;2517647.372;3197824.7141
"01";"83";"23";"03";"2015";30048.3509;925068.902;1275605.1619
"01";"83";"24";"04";"2015";1185133.9335;67200963.9527;70198434.15410003
"01";"83";"26";"02";"2015";185732.3162;6876353.2402;6876353.4923
"01";"83";"29";"02";"2015";126230.7226;5346985.6641;1573568.3832
"01";"84";"01";"01";"2015";935652.0851999999;77608605.6014;117481644.04399997
"01";"84";"01";"06";"2015";6988595.0754999975;510623769.08390003;752949040.3237997
"01";"84";"03";"03";"2015";5165955.0498;433861671.8873;782155509.5456
"01";"84";"04";"04";"2015";22582600.310200006;2141042872.5214002;2924123046.028801
"01";"84";"06";"02";"2015";6051065.606299999;388002153.95189995;421741464.753
"01";"84";"09";"02";"2015";14728002.899100004;1318099137.4715;447587067.59840006
"01";"84";"21";"01";"2015";154213.6996;6141699.9008;8058535.790099999
"01";"84";"21";"06";"2015";332458.6922000001;13346856.728699999;17049403.6105
"01";"84";"23";"03";"2015";61012.8252;2257666.4122;3113018.8030999997
"01";"84";"24";"04";"2015";3006705.8129999996;259277372.76250002;270842338.4244
"01";"84";"26";"02";"2015";425293.4910999999;17315012.7736;17315013.359900005
"01";"84";"29";"02";"2015";1263540.7275;55231737.67110001;16254190.3279
"01";"85";"01";"01";"2015";176402.6496;16402947.0649;24300662.445100002
"01";"85";"01";"06";"2015";1403649.7248000002;126142638.16540003;185913989.94639996
"01";"85";"03";"03";"2015";976866.7074000002;94302924.44989999;170007081.72000003
"01";"85";"04";"04";"2015";6067986.028300003;637523562.5982;870695932.3195
"01";"85";"06";"02";"2015";1916336.9316000005;156192629.1581;169774601.51270005
"01";"85";"09";"02";"2015";3542949.3315000003;362802114.72639996;123196744.2349
"01";"85";"21";"01";"2015";56132.4777;2965445.1798;3807710.8491
"01";"85";"21";"06";"2015";82042.8622;4334331.716899999;5536251.989200001
"01";"85";"23";"03";"2015";26657.4133;1408038.2119000002;1941318.3613
"01";"85";"24";"04";"2015";1015173.5736000002;81485248.25640003;85110974.9569
"01";"85";"26";"02";"2015";208706.1559;11651208.820999999;11651210.2704
"01";"85";"29";"02";"2015";127741.0176;7253340.164899999;2134591.0116
"02";"16";"01";"01";"2015";54453.128;5971211.393099999;8113059.4718
"02";"16";"01";"06";"2015";370331.2833;35326414.782400005;50473517.4953
"02";"16";"03";"03";"2015";415400.7111;37905496.648200005;66454235.802
"02";"16";"04";"04";"2015";1021248.7508;93145769.0879;135761211.2969
"02";"16";"06";"02";"2015";111952.2114;8926012.501699999;9702188.362499999
"02";"16";"09";"02";"2015";73193.2035;6386452.697299999;2168648.519
"02";"16";"10";"02";"2015";110818.6062;8990865.8654;3206328.6151
"02";"16";"21";"01";"2015";4561.7115;278483.5461;327897.74
"02";"16";"21";"06";"2015";7939.599;519092.48;642838.9839999999
"02";"16";"23";"03";"2015";1654.9741;101032.9251;133960.382
"02";"16";"24";"04";"2015";75917.3033;5813331.000899999;5921094.842
"02";"16";"26";"02";"2015";17984.9362;1106067.7403999998;1106067.766
"02";"16";"29";"02";"2015";5184.9978;316533.953;93153.018
"02";"16";"30";"02";"2015";8782.3354;536144.3628;161072.033
"02";"20";"01";"01";"2015";54103.1638;4363183.4666;6242035.8459
"02";"20";"01";"06";"2015";578350.5586999999;43674738.052;71119911.3071
"02";"20";"03";"03";"2015";392089.0625;29004939.831299998;51308928.7968
"02";"20";"04";"04";"2015";642414.0258000001;47761454.38650001;70134288.63780001
"02";"20";"06";"02";"2015";321282.1709;20218644.3309;21976787.164999995
"02";"20";"09";"02";"2015";205538.7916;14511535.2063;4927683.887399999
"02";"20";"10";"02";"2015";384439.3716;27865953.071500003;9937574.9591
"02";"20";"21";"01";"2015";5285.6839;236561.5112;293318.6528
"02";"20";"21";"06";"2015";6821.3955;305292.788;430839.3719
"02";"20";"23";"03";"2015";2291.2482;102543.5289;136035.4613
"02";"20";"24";"04";"2015";64173.3832;3227376.0782;3288542.7782
"02";"20";"26";"02";"2015";17686.1195;791549.7063;791549.6987000001
"02";"20";"29";"02";"2015";5792.7581;259252.1639;76295.5157
"02";"20";"30";"02";"2015";10822.1005;484344.6195;145510.014
"02";"21";"01";"01";"2015";22196.9215;1871518.332;2600414.2428
"02";"21";"01";"06";"2015";271441.4147;19282659.264200002;29807788.4962
"02";"21";"03";"03";"2015";175175.4939;12209528.1961;21000220.949100003
"02";"21";"04";"04";"2015";493735.5002;34501223.4102;50551245.2253
"02";"21";"06";"02";"2015";148149.0231;8394862.0206;9124850.1071
"02";"21";"09";"02";"2015";96708.0354;6352659.9344999995;2157173.3682
"02";"21";"10";"02";"2015";169978.7173;11373948.514;4056185.6791999997
"02";"21";"21";"01";"2015";2868.1594;154053.3445;185494.68
"02";"21";"21";"06";"2015";3802.7048;204249.245;273645.83
"02";"21";"23";"03";"2015";1089.8043;58535.0999;77182.354
"02";"21";"24";"04";"2015";41513.0571;2471806.7296;2516346.19
"02";"21";"26";"02";"2015";9337.7655;501546.0453;501546.04
"02";"21";"29";"02";"2015";3481.057;186973.0368;55024.436
"02";"21";"30";"02";"2015";6169.5535;331376.4046;99554.292
"02";"22";"01";"01";"2015";67194.256;7878105.421399999;11116276.518199999
"02";"22";"01";"06";"2015";709653.8299;73322942.97479999;107212957.17879999
"02";"22";"03";"03";"2015";523404.0796;52430769.21120001;91215676.08799998
"02";"22";"04";"04";"2015";1175999.8169;117640296.0023;170369733.1485
"02";"22";"06";"02";"2015";618094.3879;53222066.0539;57850066.19189999
"02";"22";"09";"02";"2015";300399.6243;28784952.1469;9774508.1796
"02";"22";"10";"02";"2015";466309.7826;43941427.943399996;15670421.117899999
"02";"22";"21";"01";"2015";7488.6299;479499.294;586400.02
"02";"22";"21";"06";"2015";10417.6187;667043.3548000001;845321.71
"02";"22";"23";"03";"2015";3181.3255;203701.2579;267149.15
"02";"22";"24";"04";"2015";103192.6092;7585673.6835;7661522.6
"02";"22";"26";"02";"2015";28206.2983;1806058.0241;1806058
"02";"22";"29";"02";"2015";8604.6905;550961.0002;162142.718
"02";"22";"30";"02";"2015";17201.1119;1101392.5272;330887.59
"02";"23";"01";"01";"2015";25513.9943;1867736.1723;2545986.9
"02";"23";"01";"06";"2015";89729.5779;6286786.7464;9473759.5979
"02";"23";"03";"03";"2015";194075.4433;15562005.3396;27509287.661
"02";"23";"04";"04";"2015";772002.4951999999;59720015.603800006;87643115.6918
"02";"23";"06";"02";"2015";239009.1235;16126315.692900002;17528604.0437
"02";"23";"09";"02";"2015";144313.0766;10933515.1342;3712694.6552999998
"02";"23";"10";"02";"2015";288014.0363;21527189.315199997;7677040.8897
"02";"23";"21";"01";"2015";3766.635;196757.2605;232436.21
"02";"23";"21";"06";"2015";4963.6372;259284.9208;338624.67
"02";"23";"23";"03";"2015";1395.7349;72908.8364;96721.726
"02";"23";"24";"04";"2015";79346.4356;5351411.3852;5452834.15
"02";"23";"26";"02";"2015";13593.5728;722347.3491;722347.326
"02";"23";"29";"02";"2015";4292.3033;224216.5325;65984.854
"02";"23";"30";"02";"2015";7689.3537;401667.8466;120671.706
"02";"24";"01";"01";"2015";3327.0182;206884.8355;265237
"02";"24";"01";"06";"2015";11526.6142;759855.0194;1055500.7514
"02";"24";"03";"03";"2015";24938.4796;2055864.1598;3426440.3403
"02";"24";"04";"04";"2015";68470.3595;5250754.5083;7324249.3385
"02";"24";"06";"02";"2015";38186.7834;2483096.8934;2699018.28
"02";"24";"09";"02";"2015";20983.9867;1552895.974;527317.0414
"02";"24";"10";"02";"2015";34829.8771;2557766.0339;912152.2776
"02";"24";"21";"01";"2015";445.7611;24843.0996;27603.445
"02";"24";"21";"06";"2015";597.3225;33289.9001;40074.518
"02";"24";"23";"03";"2015";159.3776;8882.4115;11641.43
"02";"24";"24";"04";"2015";7479.8428;502727.9462;508833.94
"02";"24";"26";"02";"2015";1504.7014;84463.1681;84463.169
"02";"24";"29";"02";"2015";510.5684;28454.9316;8374.0238
"02";"24";"30";"02";"2015";916.1119;51056.6293;15338.7697
"02";"25";"01";"06";"2015";5483.3207;491593.468;675265.7509999999
"02";"25";"03";"03";"2015";1316.4705;88496.4111;187254.4
"02";"25";"04";"04";"2015";6381.5086;540988.9998000001;791845.8151
"02";"25";"06";"02";"2015";4462.8153;402050.3127;437011.201
"02";"25";"09";"02";"2015";2340.5834;238240.0811;78976.3641
"02";"25";"10";"02";"2015";3084.792;304893.3947;106145.8724
"02";"25";"21";"06";"2015";105.9925;8683.3358;10337.3049
"02";"25";"23";"03";"2015";15.9308;1305.1158;1771.0894
"02";"25";"24";"04";"2015";483.2236;40252.5002;40712.552
"02";"25";"26";"02";"2015";259.3697;21575.6425;21575.6416
"02";"25";"29";"02";"2015";59.0927;4841.1141;1390.845
"02";"25";"30";"02";"2015";106.9083;8758.3617;2568.6605
"02";"29";"01";"01";"2015";36494.6147;4969037.2827;6644874.1233
"02";"29";"01";"06";"2015";149165.282;19057807.8147;27074593.3517
"02";"29";"03";"03";"2015";425719.2378;74615904.32540001;130447380.86970001
"02";"29";"04";"04";"2015";1540429.324;269113270.91719997;391266792.62729996
"02";"29";"06";"02";"2015";641151.1307;98913820.22600001;107515020.65429999
"02";"29";"09";"02";"2015";229624.6116;38128663.51869999;12947354.3428
"02";"29";"10";"02";"2015";357592.0355;57821972.4435;20620510.989699997
"02";"29";"21";"01";"2015";6862.6647;734622.1780000001;851439.7677
"02";"29";"21";"06";"2015";9072.189;971143.3577999999;1195694.8090000001
"02";"29";"23";"03";"2015";2594.4875;277730.0278;366640.2966
"02";"29";"24";"04";"2015";184203.9512;28083635.2199;28508410.445799995
"02";"29";"26";"02";"2015";73327.1079;9449164.8992;9449164.7453
"02";"29";"29";"02";"2015";6901.4315;738772.0165;217413.7978
"02";"29";"30";"02";"2015";13694.3622;1465929.4351;440404.2125000001
"02";"30";"01";"01";"2015";208536.6335;16805547.824;23328080.5356
"02";"30";"01";"06";"2015";445272.5722;34815440.5986;49843150.246700004
"02";"30";"03";"03";"2015";1847816.4288999997;201190647.19559997;352039657.4948
"02";"30";"04";"04";"2015";6637940.0471;713953093.3243;1038930597.7672999
"02";"30";"06";"02";"2015";2753672.832;267378350.0998;290628636.042
"02";"30";"09";"02";"2015";972495.6927;101098333.16950001;34329969.8274
"02";"30";"10";"02";"2015";1533444.6484;152134436.6336;54254287.0549
"02";"30";"21";"01";"2015";29375.4585;1973121.5652;2373537.1364
"02";"30";"21";"06";"2015";39566.2089;2657627.5398999997;3297713.8454
"02";"30";"23";"03";"2015";12782.874;858596.6003999999;1134509.2405
"02";"30";"24";"04";"2015";619182.2512;56212609.6498;57103425.168400005
"02";"30";"26";"02";"2015";240034.0065;18897048.250600003;18897048.982399996
"02";"30";"29";"02";"2015";29616.4187;1989262.6511;585421.6285
"02";"30";"30";"02";"2015";54704.7906;3674466.1812;1103907.4128
"02";"31";"01";"01";"2015";8834.916;913676.9498000001;1254017.3341
"02";"31";"01";"06";"2015";67801.4826;6292205.2802;9172311.017299999
"02";"31";"03";"03";"2015";63927.3689;5418019.636700001;9493638.726999998
"02";"31";"04";"04";"2015";161336.8505;14178115.1742;20655761.100300003
"02";"31";"06";"02";"2015";20209.1028;1479444.9167;1608092.2282999998
"02";"31";"09";"02";"2015";12082.3561;989606.9491999999;336040.9393
"02";"31";"10";"02";"2015";19670.5562;1572203.4399;560680.2887
"02";"31";"21";"01";"2015";723.1097;40832.5226;48569.67
"02";"31";"21";"06";"2015";1121.3719;66323.22;83794.34
"02";"31";"23";"03";"2015";318.4932;17984.6581;23767.225
"02";"31";"24";"04";"2015";10405.2374;678460.7545;689282.5295
"02";"31";"26";"02";"2015";4299.9732;262400.9814;262400.9759
"02";"31";"29";"02";"2015";669.6737;37815.1009;11128.6345
"02";"31";"30";"02";"2015";1278.8453;72213.7723;21694.9405
"02";"37";"01";"06";"2015";89237.1485;9033595.3613;12408784.8682
"02";"37";"03";"03";"2015";32197.0938;3082530.4011;5017956.2995
"02";"37";"04";"04";"2015";71331.6017;6898902.6037;9455732.8135
"02";"37";"06";"02";"2015";26050.2397;2058602.1949;2237610.7242000005
"02";"37";"09";"02";"2015";16758.4354;1521938.7025000001;511369.7979
"02";"37";"10";"02";"2015";25823.0066;2370244.1388999997;836389.4369999999
"02";"37";"21";"06";"2015";1198.0732;98151.0208;116846.453
"02";"37";"23";"03";"2015";205.6073;16844.1848;21978.321
"02";"37";"24";"04";"2015";5887.151;493165.9655;497745.23
"02";"37";"26";"02";"2015";2067.828;169404.8652;169404.8595
"02";"37";"29";"02";"2015";647.2222;53023.0705;15440.1651
"02";"37";"30";"02";"2015";1182.0257;96836.3445;28786.071
"02";"38";"01";"01";"2015";31857.2898;2191373.3808999998;3357911.8
"02";"38";"01";"06";"2015";824219.32;57142266.1571;89103795.82390001
"02";"38";"03";"03";"2015";381194.5326;25089651.2228;42647713
"02";"38";"04";"04";"2015";773041.1002;49124790.4698;70208370.2003
"02";"38";"06";"02";"2015";383063.4334;21870514.279000003;23772298.607799996
"02";"38";"09";"02";"2015";212496.0914;13720751.9059;4659157.2209
"02";"38";"10";"02";"2015";301486.2967;18675774.730299998;6660167.065200001
"02";"38";"21";"01";"2015";5366.2996;280923.0473;373071.78
"02";"38";"21";"06";"2015";32019.4472;1693883.5264;2289031.62
"02";"38";"23";"03";"2015";2450.0288;128257.7582;168361.452
"02";"38";"24";"04";"2015";76620.6001;4313273.0925;4367429.336
"02";"38";"26";"02";"2015";20422.8396;1069125.2374;1069125.2
"02";"38";"29";"02";"2015";6137.54;321297.0888;94554.762
"02";"38";"30";"02";"2015";12882.7055;674403.0627;202608.612
"02";"39";"01";"06";"2015";2376.3049;193910.9477;266361.1979
"02";"39";"03";"03";"2015";6863.7542;536024.6083;945203.0375
"02";"39";"04";"04";"2015";19571.9417;1734279.8672;2376376.8941
"02";"39";"06";"02";"2015";4936.8822;319122.4328;346872.2105
"02";"39";"09";"02";"2015";2912.8684;222751.4829;75993.2759
"02";"39";"10";"02";"2015";4422.5673;333646.428;119539.4057
"02";"39";"21";"06";"2015";193.8752;15883.0435;18908.3845
"02";"39";"23";"03";"2015";334.7123;22596.8924;29945.5242
"02";"39";"24";"04";"2015";1842.6556;163527.8316;165046.267
"02";"39";"26";"02";"2015";336.9988;27608.3098;27608.3099
"02";"39";"29";"02";"2015";103.6113;8488.2585;2509.6856
"02";"39";"30";"02";"2015";190.4143;15599.5125;4708.4338
"02";"40";"04";"04";"2015";8462.2071;620769.4922;851185.3733000001
"02";"40";"24";"04";"2015";1023.51;78654.7384;79265.08
"02";"53";"01";"01";"2015";20572.1774;3257447.7725;4742935.214199999
"02";"53";"01";"06";"2015";233717.5144;33494577.235300004;46904603.8444
"02";"53";"03";"03";"2015";151198.998;21139079.1541;37203583.9316
"02";"53";"04";"04";"2015";695493.6706999999;98039522.5605;143353601.8149
"02";"53";"06";"02";"2015";110796.7707;12892637.896399999;14013736.718999999
"02";"53";"09";"02";"2015";78795.6319;10233539.853799999;3475003.8534000004
"02";"53";"10";"02";"2015";110569.9926;14496210.6743;5169647.9337
"02";"53";"21";"01";"2015";2706.9582;245509.8587;309791.6116
"02";"53";"21";"06";"2015";4646.4181;438195.9453;531791.183
"02";"53";"23";"03";"2015";1058.8449;96028.6521;127325.1827
"02";"53";"24";"04";"2015";49593.1096;5675696.573299999;5780909.1402
"02";"53";"26";"02";"2015";15714.2611;1499651.3879;1499651.313
"02";"53";"29";"02";"2015";3486.9615;316246.6345;93068.4637
"02";"53";"30";"02";"2015";5917.5362;536696.2785;161237.8554
"02";"54";"01";"01";"2015";118278.9449;17159548.757;23829396.6706
"02";"54";"01";"06";"2015";190445.0787;25606885.5788;37902437.4058
"02";"54";"03";"03";"2015";915852.4422;118813124.19749999;208627079.1187
"02";"54";"04";"04";"2015";2332320.5484000007;299155551.7171;436595952.2334
"02";"54";"06";"02";"2015";779278.2137999999;85187424.63150002;92595028.885
"02";"54";"09";"02";"2015";448744.1231;54443257.6768;18487302.3353
"02";"54";"10";"02";"2015";812760.4025999999;100734220.201;35923904.72889999
"02";"54";"21";"01";"2015";11281.7835;944332.4508;1136517.5562
"02";"54";"21";"06";"2015";15273.8447;1278486.4627000003;1640136.5908
"02";"54";"23";"03";"2015";4289.5936;359046.8484;475558.7451
"02";"54";"24";"04";"2015";217448.4371;24065626.7892;24491783.4235
"02";"54";"26";"02";"2015";50548.8708;4246918.567899999;4246918.517899998
"02";"54";"29";"02";"2015";13743.804;1150397.7678;338551.4303
"02";"54";"30";"02";"2015";23940.3085;2003904.6567;602026.2837
"02";"55";"01";"01";"2015";75158.1194;9704389.9873;13637422.794599999
"02";"55";"01";"06";"2015";632708.9976000001;72260440.3938;111962259.59709999
"02";"55";"03";"03";"2015";603588.9487000001;67482204.5677;117442047.86100002
"02";"55";"04";"04";"2015";923607.4563999999;105273713.25519998;152504296.85180002
"02";"55";"06";"02";"2015";719659.2076000001;70649963.63239999;76793433.2058
"02";"55";"09";"02";"2015";335196.6825;36263723.2036;12314076.6799
"02";"55";"10";"02";"2015";545069.9616;59140889.614599995;21090864.0819
"02";"55";"21";"01";"2015";7530.1309;562677.7805;685273.1281999999
"02";"55";"21";"06";"2015";10006.3652;747717.8313;1004052.4565000001
"02";"55";"23";"03";"2015";3016.8356;225390.0298;295593.4213
"02";"55";"24";"04";"2015";90090.8566;7484057.016600001;7558889.852500001
"02";"55";"26";"02";"2015";33572.2772;2555870.6312;2555870.5775
"02";"55";"29";"02";"2015";9052.9143;676396.7719;199057.3284
"02";"55";"30";"02";"2015";16609.4607;1241121.382;372865.8777
"02";"56";"01";"01";"2015";20781.3153;2658028.7454;3632179.2501999997
"02";"56";"01";"06";"2015";74260.9233;9618346.428100001;14511686.714600002
"02";"56";"03";"03";"2015";22078.9238;3164710.3293999997;5567752.4618999995
"02";"56";"04";"04";"2015";690465.2106;94374764.96599999;137954632.9224
"02";"56";"06";"02";"2015";276030.8392;32550106.9949;35380552.01409999
"02";"56";"09";"02";"2015";149981.0964;19517496.0535;6627558.490499999
"02";"56";"10";"02";"2015";254480.2791;33428870.1193;11921425.2922
"02";"56";"21";"01";"2015";3071.7907;270271.6585;320113.29
"02";"56";"21";"06";"2015";4030.1468;354592.6678;463701.69
"02";"56";"23";"03";"2015";1141.923;100472.1522;133216.856
"02";"56";"24";"04";"2015";68208.0433;8136498.3577;8287327.542599999
"02";"56";"26";"02";"2015";20616.7512;1997798.5094;1997798.6040999999
"02";"56";"29";"02";"2015";3659.7162;322000.3129;94761.724
"02";"56";"30";"02";"2015";6305.4725;554787.3132;166672.879
"02";"57";"01";"01";"2015";17587.6387;1936472.6565999999;2802826.0631999997
"02";"57";"01";"06";"2015";52216.2123;6249870.861099999;9317041.2317
"02";"57";"03";"03";"2015";82464.753;10883393.1862;19100375.2638
"02";"57";"04";"04";"2015";448336.0629;57136853.0499;83350625.36590001
"02";"57";"06";"02";"2015";187237.1542;20479017.7196;22259801.576199997
"02";"57";"09";"02";"2015";96052.6214;11588613.095399998;3935146.7426
"02";"57";"10";"02";"2015";171959.1539;20873061.475199997;7443765.160799999
"02";"57";"21";"01";"2015";2084.0296;169204.6557;212248.68
"02";"57";"21";"06";"2015";2895.4542;235085.1116;303727.53
"02";"57";"23";"03";"2015";820.3621;66606.1012;88219.999
"02";"57";"24";"04";"2015";47666.1015;5223589.5063;5316089.345
"02";"57";"26";"02";"2015";12979.305;1138401.7707;1138401.827
"02";"57";"29";"02";"2015";2573.1174;208914.232;61481.528
"02";"57";"30";"02";"2015";5010.5579;424015.2573000001;127385.457
"02";"58";"01";"01";"2015";574.7058;51531.4937;58987.51
"02";"58";"01";"06";"2015";30565.4581;3382220.0086;4747641.595099999
"02";"58";"03";"03";"2015";23594.3181;2795664.8087999998;4830104.611
"02";"58";"04";"04";"2015";82860.5599;10335658.783599999;14880015.4725
"02";"58";"06";"02";"2015";34566.4388;3792937.7357000005;4122758.9513999997
"02";"58";"09";"02";"2015";18502.965;2306545.3475;781297.1313
"02";"58";"10";"02";"2015";32505.9001;3997270.6398;1422010.1609
"02";"58";"21";"01";"2015";513.673;39049.3187;38739.403
"02";"58";"21";"06";"2015";622.6491;47333.6601;57583.528
"02";"58";"23";"03";"2015";175.2941;13325.8225;17449.0275
"02";"58";"24";"04";"2015";7573.8842;738408.6562999999;745189.871
"02";"58";"26";"02";"2015";1934.0792;149140.4721;149140.4786
"02";"58";"29";"02";"2015";528.1656;40151.0433;11787.2893
"02";"58";"30";"02";"2015";969.3266;73688.0142;22083.4373
"02";"62";"01";"01";"2015";125003.2559;20896568.4174;28543325.465699997
"02";"62";"01";"06";"2015";651250.0316;94354511.94459999;131303245.77610001
"02";"62";"03";"03";"2015";248063.8917;32571024.6345;58444326.075899996
"02";"62";"04";"04";"2015";988165.8732;133577321.17539999;198480421.06620002
"02";"62";"06";"02";"2015";273392.7331;30863523.4782;33547307.809800006
"02";"62";"09";"02";"2015";131366.8131;16681474.6398;5664530.257300001
"02";"62";"10";"02";"2015";166173.7884;20023174.641900003;7140678.0075
"02";"62";"21";"01";"2015";5592.1339;488317.5066;578095.7697000001
"02";"62";"21";"06";"2015";7568.9238;660935.2615;797075.8262
"02";"62";"23";"03";"2015";2118.0062;184948.3688;247455.6717
"02";"62";"24";"04";"2015";51585.2764;4954619.296599999;5081660.9356
"02";"62";"26";"02";"2015";31178.6415;2773329.9069999997;2773329.8771
"02";"62";"29";"02";"2015";7848.8256;685376.4168;201699.9522
"02";"62";"30";"02";"2015";8259.6731;721252.5707;216683.4824
"02";"67";"01";"01";"2015";23766.4446;5647493.655100001;7912979.5119
"02";"67";"01";"06";"2015";192393.129;36250476.86;50629159.034700006
"02";"67";"03";"03";"2015";93906.244;18169031.9822;32311986.097299997
"02";"67";"04";"04";"2015";79521.2379;16488177.5941;24315264.512700003
"02";"67";"06";"02";"2015";76223.916;11935828.0528;12973725.891800001
"02";"67";"09";"02";"2015";55460.6712;9991513.5503;3392819.1403
"02";"67";"10";"02";"2015";82146.0317;15021018.0647;5356805.4695
"02";"67";"21";"01";"2015";1144.2215;148920.1994;180838.122
"02";"67";"21";"06";"2015";1628.8938;212000.2023;256627.76
"02";"67";"23";"03";"2015";367.9012;47882.2676;63690.172
"02";"67";"24";"04";"2015";10792.1356;1404594.2898;1434137.56
"02";"67";"26";"02";"2015";6232.4082;811146.6806999999;811146.686
"02";"67";"29";"02";"2015";1525.9028;198595.9443;58444.95
"02";"67";"30";"02";"2015";2447.649;318561.0278;95704.209
"02";"68";"01";"01";"2015";22548.9395;4515725.2458;6160607.6547
"02";"68";"01";"06";"2015";4358.4926;988017.5677;1383584.4402
"02";"68";"03";"03";"2015";136113.6646;24110215.7303;42778942.7475
"02";"68";"04";"04";"2015";422245.9603;77916229.05729999;114700758.48200001
"02";"68";"06";"02";"2015";93451.9185;13442450.3148;14611359.219700001
"02";"68";"09";"02";"2015";60005.1292;9602237.673;3260632.475
"02";"68";"10";"02";"2015";84711.174;13696728.104700001;4884536.066300001
"02";"68";"21";"01";"2015";1684.8326;200001.0866;236463.81
"02";"68";"21";"06";"2015";2331.4938;276764.1682;335878.82
"02";"68";"23";"03";"2015";526.822;62537.3538;83117.164
"02";"68";"24";"04";"2015";50772.3751;8514563.1561;8688329.935899999
"02";"68";"26";"02";"2015";10327.1515;1267672.0219999999;1267672.05
"02";"68";"29";"02";"2015";2124.8253;252231.2119;74229.311
"02";"68";"30";"02";"2015";3496.2484;415028.4597;124685.578
"02";"69";"01";"01";"2015";5691.7571;900980.5544000001;1410868.3902
"02";"69";"01";"06";"2015";729.0901;131494.6144;180624.463
"02";"69";"03";"03";"2015";27796.8735;4156762.0204;7253118.531
"02";"69";"04";"04";"2015";127257.0563;20268799.9771;29426249.3751
"02";"69";"06";"02";"2015";20248.6049;2554370.539;2776489.7879000003
"02";"69";"09";"02";"2015";12749.135;1782372.8017;605240.5284
"02";"69";"10";"02";"2015";18274.7377;2581743.9236000003;920703.2372999999
"02";"69";"21";"01";"2015";387.3991;42358.2951;57489.541
"02";"69";"21";"06";"2015";615.3917;67287.0516;80103.629
"02";"69";"23";"03";"2015";162.6478;17783.943;23387.616
"02";"69";"24";"04";"2015";14300.2831;2104870.1143;2130435.4000000004
"02";"69";"26";"02";"2015";2571.1456;287742.2555;287742.2659999999
"02";"69";"29";"02";"2015";537.4181;58761.4025;17292.9395
"02";"69";"30";"02";"2015";929.5006;101631.7815;30532.891
"02";"70";"01";"01";"2015";15699.0869;2980540.2405999997;4147127.5857
"02";"70";"01";"06";"2015";69537.8262;13014552.795400001;19450832.3514
"02";"70";"03";"03";"2015";62349.4461;13378530.3633;23775599.991499998
"02";"70";"04";"04";"2015";187839.4118;37415124.2849;55152011.07259999
"02";"70";"06";"02";"2015";193801.6922;34303563.9772;37286482.6337
"02";"70";"09";"02";"2015";94271.7141;18264607.177799996;6202114.854900002
"02";"70";"10";"02";"2015";141137.8814;27892792.200000003;9947145.7393
"02";"70";"21";"01";"2015";1476.2157;190848.7581;230132.3784
"02";"70";"21";"06";"2015";1990.5976;257349.4661;333354.2340000001
"02";"70";"23";"03";"2015";471.1442;60909.7105;81018.5052
"02";"70";"24";"04";"2015";16519.7967;2378725.1382;2428757.5919999997
"02";"70";"26";"02";"2015";13736.2731;2032102.8368000002;2032102.9874
"02";"70";"29";"02";"2015";1925.4414;248924.3591;73256.1375
"02";"70";"30";"02";"2015";3123.5236;403816.6559;121317.2681
"02";"71";"01";"01";"2015";1792.8142;324054.9248;420686.6203
"02";"71";"03";"03";"2015";4099.8846;673209.2367;1193633.4445
"02";"71";"04";"04";"2015";19844.4968;3454242.3731;5082009.883099999
"02";"71";"06";"02";"2015";10622.2658;1524233.3851;1656775.4685
"02";"71";"09";"02";"2015";5074.4054;778615.7271;264394.6301
"02";"71";"10";"02";"2015";8748.6785;1380198.6228;492207.3742
"02";"71";"21";"01";"2015";221.1398;25622.2745;28824.699
"02";"71";"23";"03";"2015";31.7672;3680.6939;4891.2882
"02";"71";"24";"04";"2015";2235.7863;352054.2856999999;359202.41
"02";"71";"26";"02";"2015";1064.944;137315.6821;137315.6799
"02";"71";"29";"02";"2015";126.9868;14713.2749;4329.9809
"02";"71";"30";"02";"2015";210.7668;24420.4111;7336.5412
"02";"72";"01";"01";"2015";1367.4887;206877.1031;276278.177
"02";"72";"03";"03";"2015";1507.6751;235072.3532;391005.2806
"02";"72";"04";"04";"2015";2229.552;311761.084;473585.1057
"02";"72";"06";"02";"2015";2294.251;290709.5793;315988.6634
"02";"72";"09";"02";"2015";1286.1615;178861.4621;60358.8803
"02";"72";"10";"02";"2015";2159.04;299242.763;106050.5317
"02";"72";"21";"01";"2015";46.3329;3795.7794;4393.263
"02";"72";"23";"03";"2015";9.4748;776.2143;1010.959
"02";"72";"24";"04";"2015";232.084;19965.1094;20314.5187
"02";"72";"26";"02";"2015";204.825;20874.6808;20874.6823
"02";"72";"29";"02";"2015";22.5787;1849.7387;540.9858
"02";"72";"30";"02";"2015";41.7021;3416.4054;1020.0052
"02";"77";"01";"01";"2015";11548.2011;1379072.2439000001;1885781.6873000003
"02";"77";"01";"06";"2015";282714.5566;30279374.7241;42870416.5078
"02";"77";"03";"03";"2015";101284.5692;14736943.7987;26596179.976300005
"02";"77";"04";"04";"2015";257231.1928;33682875.3349;50287958.329100005
"02";"77";"06";"02";"2015";412416.5398;47465431.3173;51592859.4517
"02";"77";"09";"02";"2015";69348.0079;8014347.5026;2721432.8329999996
"02";"77";"10";"02";"2015";86364.921;10571683.8092;3770080.6632
"02";"77";"21";"01";"2015";2326.4349;196681.9713;233090.74
"02";"77";"21";"06";"2015";3058.6593;258585.8475;317283.24
"02";"77";"23";"03";"2015";1064.7143;90013.3106;120612.775
"02";"77";"24";"04";"2015";19020.3066;1608018.9451;1651112.99
"02";"77";"26";"02";"2015";19299.606;1702538.0929;1702538.06
"02";"77";"29";"02";"2015";4445.4127;375825.0586;110601.838
"02";"77";"30";"02";"2015";2813.7848;237883.6135;71466.567
"02";"78";"01";"01";"2015";38323.3261;4211540.6182;5773187.3864
"02";"78";"01";"06";"2015";479886.3594;50688226.777499996;71171329.4077
"02";"78";"03";"03";"2015";304915.9225;42696081.195;77054834.7904
"02";"78";"04";"04";"2015";555833.3775000001;72642823.37439999;108454493.8135
"02";"78";"06";"02";"2015";1031026.5701999998;119785641.8429;130201781.7448
"02";"78";"09";"02";"2015";171185.0769;20279535.503399998;6886324.633300002
"02";"78";"10";"02";"2015";215321.9343;26956550.4306;9613262.3547
"02";"78";"21";"01";"2015";5324.3985;444045.9669;527495.8225
"02";"78";"21";"06";"2015";7025.7746;585937.9442;712993.3351
"02";"78";"23";"03";"2015";2446.2326;204011.2309;273363.5542000001
"02";"78";"24";"04";"2015";43619.9308;3637826.1624000007;3735317.8915
"02";"78";"26";"02";"2015";44606.6394;3899910.8399;3899910.875
"02";"78";"29";"02";"2015";10173.5692;848459.2626999998;249693.7164
"02";"78";"30";"02";"2015";6423.4093;535700.8942999999;160938.7966
"02";"79";"01";"01";"2015";189290.7858;28164592.610400002;38282717.04579999
"02";"79";"01";"06";"2015";347335.8001000001;50284295.711899996;72728219.63270003
"02";"79";"03";"03";"2015";1352114.1137;163411997.86110002;295180587.80999994
"02";"79";"04";"04";"2015";3964778.434099999;499686253.5338001;746468878.9344
"02";"79";"06";"02";"2015";959559.3316000003;102806957.65239999;111746693.5716
"02";"79";"09";"02";"2015";244174.5348;26613129.383000005;9037023.144999998
"02";"79";"10";"02";"2015";298661.6156;35761113.301899984;12753152.091899997
"02";"79";"21";"01";"2015";14125.944;1136001.4590999999;1338361.7241
"02";"79";"21";"06";"2015";18471.8136;1485638.5891000002;1862402.8622
"02";"79";"23";"03";"2015";6590.4626;528466.7563;708210.6616999998
"02";"79";"24";"04";"2015";164839.8116999999;15736831.770900002;16160229.673399998
"02";"79";"26";"02";"2015";98597.6597;7944408.9818;7944407.960099999
"02";"79";"29";"02";"2015";26409.3607;2125492.8395000002;625512.895
"02";"79";"30";"02";"2015";17648.507;1417031.9740999998;425714.0901
"03";"09";"01";"01";"2015";132575.6374;7163877.0935;4457364.5649999995
"03";"09";"01";"06";"2015";76463.3016;4093879.6821;2552134.9792000004
"03";"09";"03";"03";"2015";715665.602;39315221.3881;57028168.53000001
"03";"09";"04";"04";"2015";1759301.2417000001;100428114.55170001;128638547.992
"03";"09";"06";"02";"2015";1001643.9491;57974571.80189999;63015840.855399996
"03";"09";"10";"02";"2015";623485.4955;35268289.64870001;12577400.215200001
"03";"09";"21";"01";"2015";10581.1259;377675.8302;203653.726
"03";"09";"21";"06";"2015";13874.5491;495229.1372;267561.26
"03";"09";"23";"03";"2015";3158.8695;112750.6347;148044.434
"03";"09";"24";"04";"2015";137384.6831;6073511.494600001;6138580.327999999
"03";"09";"26";"02";"2015";58530.5768;2898056.9069000003;2898056.9394
"03";"09";"30";"02";"2015";35411.1348;1539824.4477;462604.2176
"03";"12";"01";"01";"2015";317876.007;18751690.759600002;11485080.3215
"03";"12";"01";"06";"2015";230983.878;12717260.194000002;7852098.640199999
"03";"12";"03";"03";"2015";1960838.4842000003;120209894.3416;174368861.31830004
"03";"12";"04";"04";"2015";3856617.8211000008;236687317.8496;303173244.1331
"03";"12";"06";"02";"2015";737241.7319999998;45331195.8088;49273039.7469
"03";"12";"10";"02";"2015";469060.3528999999;27548349.8922;9824309.947899997
"03";"12";"21";"01";"2015";19714.5079;762098.9636;404532.6057000001
"03";"12";"21";"06";"2015";25464.746;985047.5619;527101.6456
"03";"12";"23";"03";"2015";5092.5627;196779.8239;258376.9237
"03";"12";"24";"04";"2015";387835.5216;20490670.1395;20710199.29689999
"03";"12";"26";"02";"2015";38596.7507;1496382.3695;1496382.2929000002
"03";"12";"30";"02";"2015";51036.4272;2032005.9305;610468.6247
"03";"15";"01";"01";"2015";18159.682;1601687.1127999998;933003.4347
"03";"15";"01";"06";"2015";24553.2188;2130085.7184;1215524.8298000002
"03";"15";"03";"03";"2015";64895.3373;5485436.6263;8037269.086000001
"03";"15";"04";"04";"2015";270832.7141;23342864.7079;29953631.1847
"03";"15";"06";"02";"2015";68134.8444;5574292.763300001;6059013.760999999
"03";"15";"09";"02";"2015";53451.212;4055899.4939000006;1251241.5994
"03";"15";"21";"01";"2015";1686.1355;96342.9161;48638.387
"03";"15";"21";"06";"2015";2254.9855;128846.0379;63722.074
"03";"15";"23";"03";"2015";450.8428;25760.3912;34007.121
"03";"15";"24";"04";"2015";18798.116;1330148.5836;1347941.3793000001
"03";"15";"26";"02";"2015";5263.4398;328691.8659;328691.8884000001
"03";"15";"29";"02";"2015";1862.7148;112001.3858;33296.089
"03";"17";"01";"01";"2015";696450.8207;75874498.3066;46520227.8142
"03";"17";"01";"06";"2015";272569.2146;29178596.9148;17925172.7862
"03";"17";"03";"03";"2015";4538229.6016999995;498372136.45989996;722907163.8000001
"03";"17";"04";"04";"2015";10082294.8009;1145173097.0253;1466854145.249
"03";"17";"06";"02";"2015";5433050.889299999;579076834.7705;629431328.762
"03";"17";"10";"02";"2015";4658883.8211;540471091.7167001;192743162.3987
"03";"17";"21";"01";"2015";68024.6874;4851030.9276;2577730.55
"03";"17";"21";"06";"2015";89950.5539;6414625.8601;3415305.0999999996
"03";"17";"23";"03";"2015";16168.7047;1153035.6045;1513964.88
"03";"17";"24";"04";"2015";506939.9697;39579969.2816;40004012.194
"03";"17";"26";"02";"2015";303611.9712;25330755.5071;25330756.2476
"03";"17";"30";"02";"2015";190948.3187;15078847.725200001;4530086.8487
"03";"19";"01";"01";"2015";492708.4941;40488842.114700004;24919281.0525
"03";"19";"01";"06";"2015";321411.8063;25130419.5569;15241641.767099999
"03";"19";"03";"03";"2015";2685585.6614;222271174.89049998;322412499.22999996
"03";"19";"04";"04";"2015";8313465.606000001;696646975.6927;892336370.2333
"03";"19";"06";"02";"2015";3479019.8748000003;280333761.38800013;304710599.9719
"03";"19";"10";"02";"2015";3243345.2862;272015093.7671;97006198.82289998
"03";"19";"21";"01";"2015";46124.114;2342990.1421999997;1249728.0537999999
"03";"19";"21";"06";"2015";60537.9232;3075175.7588000004;1616471.8023
"03";"19";"23";"03";"2015";12456.9924;632784.1959;830861.6219
"03";"19";"24";"04";"2015";704507.3903;47344579.58179999;47851810.3379
"03";"19";"26";"02";"2015";164982.5678;10073280.0005;10073279.1627
"03";"19";"30";"02";"2015";134245.7542;7560585.4791;2271401.1498
"03";"26";"01";"01";"2015";173215.1165;11969063.3903;7384419.012800001
"03";"26";"01";"06";"2015";174362.0665;12861953.0598;7897604.233700002
"03";"26";"03";"03";"2015";1344303.0781;97721266.8283;142078023.32799998
"03";"26";"04";"04";"2015";2657862.1418000003;199990544.16190004;256694317.6178
"03";"26";"06";"02";"2015";1871340.7718000002;135716207.5724;147517617.3801
"03";"26";"09";"02";"2015";1080290.7256999998;72253183.5837;22066083.3541
"03";"26";"21";"01";"2015";23172.0862;1056363.0283000001;564853.3859
"03";"26";"21";"06";"2015";31525.0543;1437156.0986000001;765526.4428999999
"03";"26";"23";"03";"2015";6906.9084;314869.0056;414901.8403
"03";"26";"24";"04";"2015";208858.7733;10822284.871499998;10969272.9845
"03";"26";"26";"02";"2015";123289.316;7582453.7389;7582453.791600001
"03";"26";"29";"02";"2015";28583.7571;1511281.1864999998;444756.0833000001
"03";"27";"01";"01";"2015";40333.6315;2763499.571;1707234.0816000002
"03";"27";"01";"06";"2015";53690.3136;3899235.2008999996;2387189.3508
"03";"27";"03";"03";"2015";276378.4673;20233508.7341;29417717.58
"03";"27";"04";"04";"2015";647446.6436000001;49532863.8743;63577029.65089999
"03";"27";"06";"02";"2015";383950.1405999999;28281889.410399996;30741184.049
"03";"27";"09";"02";"2015";226915.3158;15316937.3408;4677784.532299999
"03";"27";"21";"01";"2015";5157.9242;234659.9164;125634.394
"03";"27";"21";"06";"2015";6782.5102;308570.505;163723.939
"03";"27";"23";"03";"2015";1537.1363;69932.062;92149.238
"03";"27";"24";"04";"2015";42979.747;2109650.4562000004;2138303.6551
"03";"27";"26";"02";"2015";25541.1123;1560853.655;1560853.6565
"03";"27";"29";"02";"2015";5915.2621;301635.7808;88768.619
"03";"28";"01";"01";"2015";232359.1261;22126163.8452;13726758.8155
"03";"28";"01";"06";"2015";127145.6053;12299526.625200002;7376470.842599999
"03";"28";"03";"03";"2015";1535302.0698999998;149737523.17730004;217578494.51279998
"03";"28";"04";"04";"2015";2607115.5878999997;261504816.8807;335477673.2832001
"03";"28";"06";"02";"2015";2416999.5204999996;227939097.8059;247759882.58330002
"03";"28";"09";"02";"2015";1286813.3630000004;115274790.63950004;35204860.672800004
"03";"28";"21";"01";"2015";26707.5437;1664520.9032;894951.8706
"03";"28";"21";"06";"2015";35618.7584;2219935.439500001;1153812.5844999996
"03";"28";"23";"03";"2015";7258.6087;451802.0405999999;595181.2037
"03";"28";"24";"04";"2015";216833.57;15184687.249799998;15386247.810000002
"03";"28";"26";"02";"2015";140387.4109;11400263.7672;11400263.512600001
"03";"28";"29";"02";"2015";36645.8345;2532690.3376000007;745347.3655999999
"03";"41";"01";"01";"2015";231393.9881;24745332.5476;15262648.980099998
"03";"41";"01";"06";"2015";101001.356;11191410.6475;7002070.869700001
"03";"41";"03";"03";"2015";1198716.8884;133249494.59509999;193283282.68
"03";"41";"04";"04";"2015";3863175.9916000003;430834218.41789997;551856300.4640001
"03";"41";"06";"02";"2015";1803474.5777;188557894.6262;204954231.1242
"03";"41";"10";"02";"2015";1076151.3248;117086320.38590002;41755401.021000005
"03";"41";"21";"01";"2015";21686.6002;1588493.1516;849143.62
"03";"41";"21";"06";"2015";27825.8905;2038181.923;1105184.92
"03";"41";"23";"03";"2015";5480.988;401469.6551;527139.83
"03";"41";"24";"04";"2015";288250.3744;26781065.306900002;27067986.6356
"03";"41";"26";"02";"2015";88735.8637;7649385.8965;7649386.025900001
"03";"41";"30";"02";"2015";63706.6227;5097589.508400001;1531451.5096
"03";"63";"01";"01";"2015";161345.1319;20222009.0007;12467330.364500001
"03";"63";"01";"06";"2015";210172.4999;29179809.3262;17172675.2238
"03";"63";"03";"03";"2015";372000.3604;47826444.2079;70938062.51
"03";"63";"04";"04";"2015";977823.7944;138343116.063;174874377.479
"03";"63";"06";"02";"2015";584547.4511000001;69518792.7104;75563902.6841
"03";"63";"09";"02";"2015";492131.1299;53794119.2028;16428695.487799998
"03";"63";"21";"01";"2015";8140.6653;702693.2741;375470.62
"03";"63";"21";"06";"2015";10895.9161;940523.4922;479687.6
"03";"63";"23";"03";"2015";2305.4102;199000.4725;264769.13
"03";"63";"24";"04";"2015";56623.7913;4887703.3789;4962639.4
"03";"63";"26";"02";"2015";76718.6887;7984429.891899999;7984429.881999999
"03";"63";"29";"02";"2015";10767.0377;987758.2652;290688.121
"03";"64";"01";"01";"2015";536556.9708;42090455.768300004;25956126
"03";"64";"01";"06";"2015";753756.8630000001;66463838.597;40534146.9899
"03";"64";"03";"03";"2015";3814083.6393;317731727.2201;473378629.16700006
"03";"64";"04";"04";"2015";8307203.9814;747815225.2957;980612643.6026
"03";"64";"06";"02";"2015";4336613.5632;364851390.5952;396577590.98779994
"03";"64";"09";"02";"2015";2793926.7909999997;229526338.06910002;70097216.4311
"03";"64";"21";"01";"2015";58080.8438;3119520.0782;1667300.969
"03";"64";"21";"06";"2015";77076.367;4139768.9680000003;2188154.3231
"03";"64";"23";"03";"2015";21194.7967;1138371.5972000002;1519449.4562
"03";"64";"24";"04";"2015";402655.6417;21626619.9044;22135741.544600002
"03";"64";"26";"02";"2015";635416.4688;47636555.339200005;47636554.939500004
"03";"64";"29";"02";"2015";108974.2275;6773979.1728;1993519.4844
"03";"66";"01";"01";"2015";1098436.0809;88634780.1774;54709452.1776
"03";"66";"01";"06";"2015";1157061.0650000002;90773813.08090001;55692872.70449999
"03";"66";"03";"03";"2015";5019082.1773;409902358.28739995;594578426.3
"03";"66";"04";"04";"2015";15247979.901700001;1265272880.0068;1620690332.9
"03";"66";"06";"02";"2015";9256973.4554;744281465.7419;809001589.5696999
"03";"66";"10";"02";"2015";7126209.752300001;600471060.0417;214140382.5766
"03";"66";"21";"01";"2015";98244.5164;5318573.9819;2845222.0373
"03";"66";"21";"06";"2015";129688.8417;7020846.8061999995;3733103.0745
"03";"66";"23";"03";"2015";23785.8079;1287670.6372000002;1690743.9854000001
"03";"66";"24";"04";"2015";1067970.4965;68133014.247;68862960.3497
"03";"66";"26";"02";"2015";486555.6836;33017580.1671;33017579.6189
"03";"66";"30";"02";"2015";314392.2563;19416005.888899997;5833084.8166000005
"03";"73";"01";"01";"2015";233694.7066;17885889.2622;11057980.96
"03";"73";"01";"06";"2015";506814.2447;44635861.4068;27104271.075600002
"03";"73";"03";"03";"2015";1303891.0787;108367915.7073;161429934.99940002
"03";"73";"04";"04";"2015";3506024.7917;319117757.0894;417533837.0652999
"03";"73";"06";"02";"2015";1559757.6829;125290403.88929999;136185217.50190002
"03";"73";"09";"02";"2015";1378357.4064;105363266.0932;32177884.322300002
"03";"73";"21";"01";"2015";23869.5619;1295907.6313;694424.2866
"03";"73";"21";"06";"2015";31934.8093;1733780.1527;912896.2901000001
"03";"73";"23";"03";"2015";8685.668;471547.8007;629317.7429
"03";"73";"24";"04";"2015";165424.685;8981089.7122;9187833.495000001
"03";"73";"26";"02";"2015";227842.2456;16284474.6729;16284475.014
"03";"73";"29";"02";"2015";38730.4614;2229853.9258;656225.4162000001
"03";"74";"01";"01";"2015";77887.2222;5834716.5903;3631491.3000000003
"03";"74";"01";"06";"2015";487015.9042;42611189.61840001;25218198.919299997
"03";"74";"03";"03";"2015";496652.1487;40839039.3743;60835748.592999995
"03";"74";"04";"04";"2015";1175240.763;106458363.9639;135048038.7806
"03";"74";"06";"02";"2015";552693.3451;43244208.0456;47004573.085999995
"03";"74";"09";"02";"2015";510033.0811;37978412.5269;11598586.147400001
"03";"74";"21";"01";"2015";9256.5149;500121.5394;269767.28
"03";"74";"21";"06";"2015";12448.7497;672595.2402;344991.4
"03";"74";"23";"03";"2015";3360.3083;181554.5676;242298.925
"03";"74";"24";"04";"2015";64305.3317;3474361.7692;3535886.3
"03";"74";"26";"02";"2015";85852.6108;5940969.4785;5940969.651199999
"03";"74";"29";"02";"2015";14861.0171;846964.2469;249253.75
"03";"75";"01";"01";"2015";120089.6062;14184605.2013;8738667.9203
"03";"75";"01";"06";"2015";196034.455;26475701.675499998;15643879.7553
"03";"75";"03";"03";"2015";300877.965;37142024.3964;55123223.330000006
"03";"75";"04";"04";"2015";785348.6478;108478075.20300001;137192463.194
"03";"75";"06";"02";"2015";474669.4936;54446342.4225;59180806.7947
"03";"75";"09";"02";"2015";410552.1381999999;43318408.66719999;13229419.177199999
"03";"75";"21";"01";"2015";6690.1756;563137.8374000001;300660.88
"03";"75";"21";"06";"2015";8947.9494;753183.3506;385694.06
"03";"75";"23";"03";"2015";1919.663;161585.4254;215045.826
"03";"75";"24";"04";"2015";45586.3169;3837175.8008000003;3896796.7
"03";"75";"26";"02";"2015";64646.7394;6571332.5838;6571332.6575
"03";"75";"29";"02";"2015";8276.2058;696640.1057;205014.739
"03";"76";"01";"01";"2015";554475.2001000001;55431980.3085;34391347.46
"03";"76";"01";"06";"2015";799977.1950999999;94374658.96300001;57443944.12910001
"03";"76";"03";"03";"2015";3110107.1083;335853004.5260001;500004485.8588
"03";"76";"04";"04";"2015";7004266.979200001;824665409.9395;1080819700.3268
"03";"76";"06";"02";"2015";3790026.585299999;409821947.8358999;445458633.60249996
"03";"76";"09";"02";"2015";2522625.5587000004;268819184.7662;82097232.39719997
"03";"76";"21";"01";"2015";51858.562;3823093.0154999993;2055647.4787
"03";"76";"21";"06";"2015";69181.663;5100184.6733;2690538.3287
"03";"76";"23";"03";"2015";15355.0992;1131883.9940999998;1510185.4424
"03";"76";"24";"04";"2015";329105.166;24261935.2962;24825473.3361
"03";"76";"26";"02";"2015";436919.3582;41260191.865899995;41260190.269099995
"03";"76";"29";"02";"2015";78260.0034;5770905.863899999;1698324.1764
"03";"92";"01";"01";"2015";69662.5225;5783337.765900001;3574816.0762000005
"03";"92";"01";"06";"2015";556311.4082;56096440.94590001;34779862.2635
"03";"92";"03";"03";"2015";239637.4673;21703525.2235;32072598.809
"03";"92";"04";"04";"2015";1693284.3657;176267936.1915;229485667.80900002
"03";"92";"06";"02";"2015";247573.0126;21361541.201199997;23219067.059
"03";"92";"09";"02";"2015";251102.923;19990190.5874;6788071.0502
"03";"92";"21";"01";"2015";9354.577;606492.213;324900.74
"03";"92";"21";"06";"2015";13184.7439;894915.8427000002;480879.0022
"03";"92";"23";"03";"2015";2557.7513;165828.5828;220487.42
"03";"92";"24";"04";"2015";89801.2149;6823187.266799999;6963857.1288
"03";"92";"26";"02";"2015";40948.2434;2842436.9762999997;2842436.827
"03";"92";"29";"02";"2015";11190.6194;725529.7085;213516.703
"03";"93";"01";"01";"2015";686976.5819999999;65065601.9303;40144126.955
"03";"93";"01";"06";"2015";263643.5575;25320638.0928;15494210.699900001
"03";"93";"03";"03";"2015";1931498.7879;197457028.68850002;286418663.813
"03";"93";"04";"04";"2015";8966766.2871;916982724.2321;1174564794.7370996
"03";"93";"06";"02";"2015";2041131.088;200962060.319;218437015.6552
"03";"93";"10";"02";"2015";1895541.9100000001;195713145.38549998;69795360.88899998
"03";"93";"21";"01";"2015";41172.0521;2714318.1763;1451429.3279999997
"03";"93";"21";"06";"2015";54385.0072;3585398.4933;1901462.8980999999
"03";"93";"23";"03";"2015";9702.9254;639677.2914000001;839912.4437
"03";"93";"24";"04";"2015";656036.0043999999;57290882.4353;57904669.7934
"03";"93";"26";"02";"2015";120775.553;8307760.541599999;8307760.390800001
"03";"93";"30";"02";"2015";106733.7448;7217342.8100000005;2168281.8688000003
"03";"96";"01";"01";"2015";98039.8756;9509085.8904;5905163.3408
"03";"96";"01";"06";"2015";82850.3242;8466619.2313;5166983.8303000005
"03";"96";"03";"03";"2015";764262.4585;76875058.6741;111510097.50999999
"03";"96";"04";"04";"2015";1889924.0477999998;200664867.07459998;257031980.07
"03";"96";"06";"02";"2015";875095.6444999999;85138315.4793;92541646.69180001
"03";"96";"10";"02";"2015";619243.1240999999;60861428.8047;21704444.2593
"03";"96";"21";"01";"2015";11207.3205;735326.9796;395741.33
"03";"96";"21";"06";"2015";14925.648;979291.318;517951.73
"03";"96";"23";"03";"2015";2858.3649;187541.0655;246246.13
"03";"96";"24";"04";"2015";126953.3117;10507872.3236;10620448.908300001
"03";"96";"26";"02";"2015";49935.2501;3850068.7441;3850068.7978999997
"03";"96";"30";"02";"2015";29895.8751;2069644.5803;621776.2908000001
"04";"02";"01";"01";"2015";178443.1886;49059505.5031;55876428.1728
"04";"02";"01";"06";"2015";797239.5806;208857755.04289997;238340469.27110004
"04";"02";"03";"03";"2015";139001.9048;32315829.108500008;43829954.0827
"04";"02";"04";"04";"2015";370734.6348;89366165.64959998;102051116.9471
"04";"02";"06";"02";"2015";131114.0394;30198594.2426;32824558.338500008
"04";"02";"09";"02";"2015";176056.8164;49318015.3638;17034407.2832
"04";"02";"21";"01";"2015";3335.6102;497575.0778;491141.135
"04";"02";"21";"06";"2015";5212.4368;801421.1412999999;792623.006
"04";"02";"23";"03";"2015";920.6083;123008.8747;161832.481
"04";"02";"24";"04";"2015";20867.4155;3121514.8871;3164232
"04";"02";"26";"02";"2015";14217.456;2207975.0360000003;2207975.155
"04";"02";"29";"02";"2015";17298.1409;2671824.582;799803.7751999999
"04";"03";"01";"01";"2015";22752.3814;5708393.3353;7235890.245100001
"04";"03";"01";"06";"2015";672764.2744;164558111.5849;174968750.7333
"04";"03";"03";"03";"2015";407255.311;73421940.32090001;122451547.98750001
"04";"03";"04";"04";"2015";438803.7352;100279315.71509999;111694496.32470001
"04";"03";"06";"02";"2015";255796.7187;53831316.6732;58512300.4216
"04";"03";"09";"02";"2015";142371.37;35249737.564899996;12175234.338399999
"04";"03";"21";"01";"2015";3221.2833;411198.4404;451767.1136
"04";"03";"21";"06";"2015";5500.4581;705336.4147000001;649959.8461
"04";"03";"23";"03";"2015";1038.9492;121572.3799;159816.4589
"04";"03";"24";"04";"2015";22802.2358;2915072.2884;2953168.0577
"04";"03";"26";"02";"2015";14893.5906;2151982.6863;2151982.6756
"04";"03";"29";"02";"2015";19422.9108;2658416.6636;795790.2225
"04";"04";"01";"01";"2015";45346.4459;13476923.9611;14372320.4068
"04";"04";"01";"06";"2015";455708.6512000001;121066258.7568;138298213.085
"04";"04";"03";"03";"2015";50855.3358;13519518.2455;18336523.4714
"04";"04";"04";"04";"2015";315141.7805;86107178.8973;98318303.767
"04";"04";"06";"02";"2015";14474.5716;3104690.7684000004;3374663.9679000005
"04";"04";"09";"02";"2015";36803.1555;8851051.1007;3057146.7933
"04";"04";"21";"01";"2015";1755.682;261028.9697;241269.035
"04";"04";"21";"06";"2015";2709.3775;420050.3726;415891.442
"04";"04";"23";"03";"2015";452.4544;59648.9966;78475.1926
"04";"04";"24";"04";"2015";10582.1119;1623559.6707000001;1645777.565
"04";"04";"26";"02";"2015";6068.7005;916823.9582;916824.0012
"04";"04";"29";"02";"2015";8827.7746;1305456.0505999997;390784.8993
"04";"05";"01";"01";"2015";24050.7047;6707110.478;7661765.9595
"04";"05";"01";"06";"2015";112551.6809;29742045.517899998;31833506.4269
"04";"05";"03";"03";"2015";19992.8848;4586931.7882;6221255.4927
"04";"05";"04";"04";"2015";65645.8589;17079881.367399998;19504261.6213
"04";"05";"06";"02";"2015";15113.7353;3404275.4347;3700299.2796
"04";"05";"09";"02";"2015";17208.029;4664047.501200001;1610958.6531999998
"04";"05";"21";"01";"2015";459.0988;67900.0836;67221.1498
"04";"05";"21";"06";"2015";735.0859;109285.2955;101368.4185
"04";"05";"23";"03";"2015";127.2899;16593.7599;21831.0262
"04";"05";"24";"04";"2015";2807.6119;414020.7449;419686.515
"04";"05";"26";"02";"2015";1680.8564;256159.1798;256159.1733
"04";"05";"29";"02";"2015";2463.9235;361070.9648;108085.6605
"04";"06";"01";"01";"2015";6134.4647;1628592.3299999998;2015584.4667000002
"04";"06";"01";"06";"2015";524700.4709000001;126659476.97739999;133353838.4598
"04";"06";"03";"03";"2015";201381.314;37300577.487399995;62209099.405
"04";"06";"04";"04";"2015";320599.3706;74345445.083;82817687.208
"04";"06";"06";"02";"2015";50192.3972;10086879.0932;10963998.6037
"04";"06";"09";"02";"2015";55010.0223;12328812.1481;4258362.7629
"04";"06";"21";"01";"2015";1889.7482;240498.6228;257962.7043
"04";"06";"21";"06";"2015";3204.8928;410228.7692;374330.4685
"04";"06";"23";"03";"2015";576.6642;66018.798;86786.9161
"04";"06";"24";"04";"2015";12656.2069;1645747.5858;1667255.225
"04";"06";"26";"02";"2015";7168.4458;933225.5093;933225.4195
"04";"06";"29";"02";"2015";11809.9689;1521779.2944;455540.7238
"04";"08";"01";"01";"2015";1611108.7687;104078639.24509999;127126712.7906
"04";"08";"01";"06";"2015";2615455.8539000005;161062969.8047;188930169.64929998
"04";"08";"03";"03";"2015";6660749.7443;435797445.85510004;589632573.0205
"04";"08";"04";"04";"2015";25606667.5521;1716148596.7755;1955724918.4668002
"04";"08";"06";"02";"2015";1923540.7629;98249268.813;106792681.2461
"04";"08";"09";"02";"2015";2658888.5915;161055393.06629995;55628414.0702
"04";"08";"21";"01";"2015";71429.8478;1687537.2411;1786509.79
"04";"08";"21";"06";"2015";108518.1032;2569186.5549;2612023.89
"04";"08";"23";"03";"2015";21409.9231;488186.9811;638904.627
"04";"08";"24";"04";"2015";1924799.8868999998;136414407.925;137722770.6546
"04";"08";"26";"02";"2015";146132.4235;3496415.5111000002;3496415.5
"04";"08";"29";"02";"2015";472200.8885;14080901.077200001;4215081.5504
"04";"10";"01";"01";"2015";329817.7562;26455949.8157;33654687.5801
"04";"10";"01";"06";"2015";1321352.6785;92160334.22420001;102161990.33739999
"04";"10";"03";"03";"2015";62581.3389;4783453.1797;6597866.831900001
"04";"10";"04";"04";"2015";4692238.0361;343318397.3555;438017839.2077001
"04";"10";"06";"02";"2015";380199.634;20900277.1717;22717693.309899997
"04";"10";"09";"02";"2015";418003.0535;32213192.5969;11617568.450299999
"04";"10";"21";"01";"2015";14955.502;436017.3659000001;480671.787
"04";"10";"21";"06";"2015";135272.6719;7096418.4711;6818234.049800001
"04";"10";"23";"03";"2015";5563.1737;159229.7196;207817.435
"04";"10";"24";"04";"2015";339368.4454;29672147.503400005;29893358.6294
"04";"10";"26";"02";"2015";39638.0041;1164312.8449;1164312.848
"04";"10";"29";"02";"2015";59392.0087;2296204.4341;717698.4485
"04";"11";"01";"01";"2015";506204.1247;46090940.240899995;57649711.5427
"04";"11";"01";"06";"2015";583745.6199;49076567.7141;52657259.1847
"04";"11";"03";"03";"2015";9339556.858;647484884.2936001;1082750681.7985
"04";"11";"04";"04";"2015";17968286.456;1616039142.1648;1803615038.0911
"04";"11";"06";"02";"2015";1730091.9599000001;94493412.6863;102710235.16319999
"04";"11";"09";"02";"2015";1651741.582;113537223.7303;39215675.9048
"04";"11";"21";"01";"2015";54539.6407;1371236.1143;1486434.82
"04";"11";"21";"06";"2015";84551.6054;2131716.8962000003;1982254.83
"04";"11";"23";"03";"2015";15881.8642;384021.9796;505159.12
"04";"11";"24";"04";"2015";1706904.7459;157171118.49439996;159321972.80229998
"04";"11";"26";"02";"2015";139374.9135;3559426.2284999997;3559426.13
"04";"11";"29";"02";"2015";340884.1677;9904924.228;2965013.4832
"04";"46";"01";"01";"2015";10697.062;1213364.2416;1390994.1967
"04";"46";"01";"06";"2015";48848.6585;5121106.67;6051886.8878
"04";"46";"03";"03";"2015";10408.5492;1206591.657;1632073.1585
"04";"46";"04";"04";"2015";21699.5648;2030509.3885;2313443.4882
"04";"46";"06";"02";"2015";4935.7478;462280.9628;502479.3099000001
"04";"46";"09";"02";"2015";8543.6389;999651.3286;345278.8339000001
"04";"46";"21";"01";"2015";225.6294;13321.7619;13235.7292
"04";"46";"21";"06";"2015";755.5056;63066.0434;64590.3816
"04";"46";"23";"03";"2015";66.5543;3692.7623;4827.1399
"04";"46";"24";"04";"2015";1572.4237;95707.4683;96537.6953
"04";"46";"26";"02";"2015";521.5178;31112.417;31112.4161
"04";"46";"29";"02";"2015";1110.9332;82847.0936;24800.0622
"04";"47";"01";"01";"2015";34405.5413;4485531.6839;5218769.196799999
"04";"47";"01";"06";"2015";213082.7006;24705393.149900004;26564939.0427
"04";"47";"03";"03";"2015";29196.9763;3601804.683;4872570.53
"04";"47";"04";"04";"2015";115151.3015;13157659.125599999;14991067.6505
"04";"47";"06";"02";"2015";13908.1786;1563304.5802999998;1699244.1279
"04";"47";"09";"02";"2015";24457.1075;2733389.7430000002;944110.8241000001
"04";"47";"21";"01";"2015";824.8373;48627.0473;49034.0303
"04";"47";"21";"06";"2015";2897.3303;325616.4097;303435.2627
"04";"47";"23";"03";"2015";234.3164;12583.5842;16449.1303
"04";"47";"24";"04";"2015";6028.1765;434479.8572;438248.7990000001
"04";"47";"26";"02";"2015";2019.8072;121507.8058;121507.8145
"04";"47";"29";"02";"2015";4382.3579;278144.1096;83261.7234
"04";"48";"01";"01";"2015";16638.849;2013782.8617999998;2194858.7642
"04";"48";"01";"06";"2015";93916.519;10552875.276700001;11674826.2625
"04";"48";"03";"03";"2015";17434.6192;2164731.8147;2942011.6423000004
"04";"48";"04";"04";"2015";71008.7931;7605302.422900001;8665035.832700001
"04";"48";"06";"02";"2015";17989.8213;1873299.9035;2036195.4581000002
"04";"48";"09";"02";"2015";17312.84;2070782.1881;715246.6837
"04";"48";"21";"01";"2015";445.2168;26155.9073;24708.0183
"04";"48";"21";"06";"2015";1274.9492;122664.1121;117618.2912
"04";"48";"23";"03";"2015";120.4366;6214.6637;8133.3114
"04";"48";"24";"04";"2015";2692.2304;182490.221;184073.2403
"04";"48";"26";"02";"2015";1037.1333;64418.8906;64418.8869
"04";"48";"29";"02";"2015";2755.7311;190336.7223;56976.8068
"04";"49";"01";"01";"2015";861989.9238999998;63888743.738299996;81169795.54800001
"04";"49";"01";"06";"2015";6048670.7663;374465153.173;438329800.788
"04";"49";"03";"03";"2015";3739867.933599999;254488241.54160002;344321847.94
"04";"49";"04";"04";"2015";15636273.6832;1231980814.0526001;1403966828.1829998
"04";"49";"06";"02";"2015";966557.9545000001;52524088.918500006;57091401.121199995
"04";"49";"09";"02";"2015";1444084.0316;84301152.6598;29117558.735099997
"04";"49";"21";"01";"2015";47892.1393;1071763.9677;1180096.861
"04";"49";"21";"06";"2015";74388.3723;1669042.499;1693084.43
"04";"49";"23";"03";"2015";15650.231;340267.1846;445201.083
"04";"49";"24";"04";"2015";1075661.4934000003;86608142.32339999;87429989.6484
"04";"49";"26";"02";"2015";100521.3177;2279997.3873;2279997.4200000004
"04";"49";"29";"02";"2015";304313.2500000001;7608281.3523;2277519.4386
"04";"50";"01";"01";"2015";732130.8561;53070425.458399996;66024411.57790001
"04";"50";"01";"06";"2015";2812070.8913000003;174734440.83730003;209312947.828
"04";"50";"03";"03";"2015";2454217.8668;171060104.0125;231443794.9396
"04";"50";"04";"04";"2015";10802197.8939;826661260.8922;942064104.2705001
"04";"50";"06";"02";"2015";692067.7850000001;37364439.255899996;40613520.640300006
"04";"50";"09";"02";"2015";1017801.4574999999;58979438.0206;20371455.477399994
"04";"50";"21";"01";"2015";31404.3098;733316.0987;790722.561
"04";"50";"21";"06";"2015";47919.5896;1121751.1635;1164487.898
"04";"50";"23";"03";"2015";9635.5777;217873.7337;285100.413
"04";"50";"24";"04";"2015";825071.0858;65136932.61349999;65755030.32879999
"04";"50";"26";"02";"2015";65702.6758;1553541.0834;1553541.01
"04";"50";"29";"02";"2015";197183.9392;4874435.377300001;1459149.6484
"04";"86";"01";"01";"2015";289371.6015;26511678.456;32497766.561400004
"04";"86";"01";"06";"2015";551778.1439;46447205.117000006;49548974.91769999
"04";"86";"03";"03";"2015";4862334.2836;325862319.8657;544920228.0672
"04";"86";"04";"04";"2015";11836283.8519;1059439165.6463001;1182409763.7725
"04";"86";"06";"02";"2015";623959.8069000001;35240457.25480001;38304844.984
"04";"86";"09";"02";"2015";853946.6473000001;53582042.1083;18507198.9413
"04";"86";"21";"01";"2015";32457.4298;812609.8740999999;863284.6630000001
"04";"86";"21";"06";"2015";50767.8506;1273500.2635000001;1177313.7850000001
"04";"86";"23";"03";"2015";8599.4217;204331.6445;268786.686
"04";"86";"24";"04";"2015";1007819.0466;94647497.95339999;95942720.48069999
"04";"86";"26";"02";"2015";80212.8618;2043382.5478;2043382.53
"04";"86";"29";"02";"2015";205419.9514;5508895.727;1649073.7698
"04";"87";"01";"01";"2015";47061.9845;3763299.8844;4582125.896
"04";"87";"01";"06";"2015";124266.844;9934778.1717;10429119.047900002
"04";"87";"03";"03";"2015";1927.5306;91084.0216;126752.04
"04";"87";"04";"04";"2015";328008.7617999999;27960185.9461;35947783.389800005
"04";"87";"06";"02";"2015";203953.0416;11008866.509899998;11966159.016599998
"04";"87";"09";"02";"2015";37759.1043;3279111.7381;1182599.4824
"04";"87";"21";"01";"2015";1402.9982;39271.8719;41439.1384
"04";"87";"21";"06";"2015";5046.8798;420357.5061000001;382421.3486
"04";"87";"23";"03";"2015";378.9693;9796.183;12899.8982
"04";"87";"24";"04";"2015";26726.1237;2752779.2407;2792715.0283999997
"04";"87";"26";"02";"2015";5443.6737;176475.3131000001;176475.3179
"04";"87";"29";"02";"2015";11039.572;785095.3578999998;245388.3077
"04";"88";"01";"01";"2015";157167.4108;13152217.693500001;16460848.324800001
"04";"88";"01";"06";"2015";911092.5999;72603896.0334;83089834.73549998
"04";"88";"03";"03";"2015";113680.7878;6920847.690000001;9622980.3341
"04";"88";"04";"04";"2015";890056.8137;76965679.56160001;98851377.14480002
"04";"88";"06";"02";"2015";685671.0136999999;40798084.8765;44345744.10100001
"04";"88";"09";"02";"2015";96647.8873;9238069.389800001;3273937.3762
"04";"88";"21";"01";"2015";6595.4787;185642.3859;201347.497
"04";"88";"21";"06";"2015";9360.1846;263583.4219;261413.7
"04";"88";"23";"03";"2015";2673.2607;74390.9393;97934.36
"04";"88";"24";"04";"2015";106791.2197;9131093.021;9262621.781000001
"04";"88";"26";"02";"2015";17685.3756;545079.9681;545079.9857000001
"04";"88";"29";"02";"2015";31600.0635;2912341.2224;894508.6565
"04";"94";"01";"01";"2015";831166.3918;57979889.291;71730648.079
"04";"94";"01";"06";"2015";3372445.8841000004;198114480.49580002;252310845.0167
"04";"94";"03";"03";"2015";1663540.1329;112885482.18510002;155704107.861
"04";"94";"04";"04";"2015";10406867.9703;738171455.8741001;941785461.1061
"04";"94";"06";"02";"2015";693619.6349;34015557.9946;36973429.8855
"04";"94";"09";"02";"2015";1252818.6579999998;80928469.8736;28760251.0755
"04";"94";"21";"01";"2015";23890.6787;692230.4706;742258.653
"04";"94";"21";"06";"2015";38492.9722;1120041.0976;1236248.3900000001
"04";"94";"23";"03";"2015";4480.0457;120220.0304;156904.24
"04";"94";"24";"04";"2015";705124.9703;68190265.241;68698635.8104
"04";"94";"26";"02";"2015";54207.9275;1591877.0459;1591877.01
"04";"94";"29";"02";"2015";286000.2606;10791667.7182;3323785.612
"05";"13";"01";"01";"2015";404637.7407000001;38267830.093499996;24051177.940999996
"05";"13";"01";"06";"2015";2049580.0832999996;263464123.3775;151390060.5118
"05";"13";"03";"03";"2015";4919466.646600001;433536789.7415;694881875.7463
"05";"13";"04";"04";"2015";8799707.061800003;899695501.5543001;1074776687.0597
"05";"13";"06";"02";"2015";5088071.165599998;311890659.81229997;339011595.6222
"05";"13";"09";"02";"2015";1257189.3476;114325471.5186;38821512.1362
"05";"13";"21";"01";"2015";69502.1427;2774291.7150999997;1511134.4783
"05";"13";"21";"06";"2015";102798.3677;4751411.153899999;2366240.6418999997
"05";"13";"23";"03";"2015";13620.8783;532183.0944000001;706469.0219
"05";"13";"24";"04";"2015";452659.7349;26543949.7004;27030499.356699996
"05";"13";"26";"02";"2015";129838.2726;5487211.6357;5487211.4922
"05";"13";"29";"02";"2015";215987.7624;12053492.569400001;3547231.574
"05";"51";"01";"01";"2015";160581.8151;13407113.661700001;8214136.369399998
"05";"51";"01";"06";"2015";599213.1263000001;66493645.43969999;37351783.1092
"05";"51";"03";"03";"2015";1265404.0693999997;72674988.5148;119022250.80549999
"05";"51";"04";"04";"2015";4302493.9919;391634061.8788;481122937.01400006
"05";"51";"06";"02";"2015";1233126.7199;61664143.66880001;67829878.54879999
"05";"51";"09";"02";"2015";381714.3898000001;24268742.361700002;9013125.7263
"05";"51";"21";"01";"2015";19759.0641;554866.6389;294624.6591
"05";"51";"21";"06";"2015";28462.9337;843783.2614999999;410780.0414
"05";"51";"23";"03";"2015";3104.7597;82519.959;116389.2238
"05";"51";"24";"04";"2015";105368.5798;3834179.9613;4215237.452699999
"05";"51";"26";"02";"2015";32033.7468;908275.2465;908275.2153
"05";"51";"29";"02";"2015";86590.8116;2442582.0294999997;915270.3667999998
"05";"52";"01";"01";"2015";555306.1419;42672382.79500001;26770628.210000005
"05";"52";"01";"06";"2015";755060.7030999999;74537546.24539998;43355949.25960001
"05";"52";"03";"03";"2015";5431098.3557;256513791.6912;418934813.35780007
"05";"52";"04";"04";"2015";10333451.2375;801482415.9858999;984985111.0351
"05";"52";"06";"02";"2015";5507908.138499999;261234958.52959996;287608675.65989995
"05";"52";"09";"02";"2015";1684709.8590000002;115142256.4645;43337069.504200004
"05";"52";"21";"01";"2015";62412.3866;1857383.9915;1009886.9016
"05";"52";"21";"06";"2015";89576.7713;2668651.1911000004;1345357.5794000002
"05";"52";"23";"03";"2015";8978.2353;251043.8792;356596.4447
"05";"52";"24";"04";"2015";288102.0693;11701202.5996;13028841.282200001
"05";"52";"26";"02";"2015";262753.932;9477204.59;9477204.6405
"05";"52";"29";"02";"2015";299979.4208;10024154.9307;3951807.6375999996
"05";"89";"01";"01";"2015";44287.4439;3847743.3910000003;2440532.4923
"05";"89";"01";"06";"2015";273947.6266;25366979.967800003;14932293.3707
"05";"89";"03";"03";"2015";392354.0465999999;27178310.8766;43318953.2023
"05";"89";"04";"04";"2015";1351336.4267000002;101237864.95450002;120478247.0088
"05";"89";"06";"02";"2015";364049.0882000001;18511804.850800004;20121527.655300006
"05";"89";"09";"02";"2015";128867.18;8200753.202500001;2784730.5806000005
"05";"89";"21";"01";"2015";6643.0638;239417.7939;131606.0814
"05";"89";"21";"06";"2015";16571.2031;1292830.054;659573.4957
"05";"89";"23";"03";"2015";1110.1877;36858.8056;48729.2436
"05";"89";"24";"04";"2015";33318.3199;1758096.179;1784688.0721999998
"05";"89";"26";"02";"2015";9835.0747;372080.6059;372080.6086
"05";"89";"29";"02";"2015";33619.5318;1461190.8860999998;430014.9557
"05";"90";"01";"01";"2015";205470.0033;17375645.6377;10550515.770000001
"05";"90";"01";"06";"2015";429164.0915999999;38075802.0539;22299153.436
"05";"90";"03";"03";"2015";1099341.7161;95458269.86610001;155090605.558
"05";"90";"04";"04";"2015";4146616.3493;367764910.985;443892416.0955
"05";"90";"06";"02";"2015";630390.7876;57305508.95769999;62288593.41899999
"05";"90";"09";"02";"2015";365660.6976000001;30373737.313600004;10314013.543
"05";"90";"21";"01";"2015";17871.8438;1048117.6897999999;551582.8330999999
"05";"90";"21";"06";"2015";24487.0496;1436257.9019000002;728990.9649
"05";"90";"23";"03";"2015";4969.2912;288980.7474;384589.7984
"05";"90";"24";"04";"2015";153194.9704;9954714.0358;10155798.5811
"05";"90";"26";"02";"2015";54676.6887;3453903.638800001;3453903.7067
"05";"90";"29";"02";"2015";52090.4712;3053831.1148999995;898714.2967
"06";"01";"01";"01";"2015";432441.5835;32864237.274499997;43282285.1673
"06";"01";"01";"06";"2015";4800203.526600001;298644835.6248;398086944.98929995
"06";"01";"03";"03";"2015";2186830.738000001;150256384.5367;238048756.9444
"06";"01";"04";"04";"2015";7541564.307800002;584180094.9255002;623258360.6776
"06";"01";"06";"02";"2015";1364852.2164000003;71571660.2967;77795282.26339999
"06";"01";"09";"02";"2015";1063327.0633000003;68413588.3454;23231209.591
"06";"01";"21";"01";"2015";72591.1681;1643743.5747999998;1876205.452
"06";"01";"21";"06";"2015";152738.4493;8557562.8504;9886278.765800001
"06";"01";"23";"03";"2015";27425.3835;618077.9140000001;808896.629
"06";"01";"24";"04";"2015";1096805.3856000002;60648940.78939999;61261554.2155
"06";"01";"26";"02";"2015";172380.0817999999;4846879.610200001;4846879.825900001
"06";"01";"29";"02";"2015";189973.5307;7171120.538300001;2110394.6818999997
"06";"07";"01";"01";"2015";277309.3454;25163330.3027;33448533.612699993
"06";"07";"01";"06";"2015";3312535.8549;260464231.70040002;350793569.2069
"06";"07";"03";"03";"2015";3416017.9285000004;169454242.19049996;270089647.51280004
"06";"07";"04";"04";"2015";13032410.7248;1241360883.2051;1329934470.056
"06";"07";"06";"02";"2015";2515148.9248000006;135481068.19620004;147262029.08370003
"06";"07";"09";"02";"2015";1740379.0664999997;136237844.6603;46262304.1754
"06";"07";"21";"01";"2015";94023.4725;3174050.0677999994;3656318.3331
"06";"07";"21";"06";"2015";130803.0284;4418642.6353;5157146.0606
"06";"07";"23";"03";"2015";34764.8065;1156734.0151;1519619.0454
"06";"07";"24";"04";"2015";1623494.8023999997;123103421.81440002;124712215.8758
"06";"07";"26";"02";"2015";224600.7851;7617566.9655;7617566.0406
"06";"07";"29";"02";"2015";288978.8284;12901170.970000003;3796695.3767
"06";"14";"01";"01";"2015";35910.0802;3263033.6528999996;4323044.3454
"06";"14";"01";"06";"2015";876639.9772000002;74522981.94490002;97466630.72650002
"06";"14";"03";"03";"2015";683497.4818000001;59848734.711500004;95467758.0892
"06";"14";"04";"04";"2015";2673385.7594999997;235017528.57939997;251867454.9842
"06";"14";"06";"02";"2015";241382.6897;19599306.3103;21303594.3986
"06";"14";"09";"02";"2015";361510.9834;27683251.399199996;9400404.2501
"06";"14";"21";"01";"2015";16924.6971;788416.8905999999;905289.7923000001
"06";"14";"21";"06";"2015";26121.7005;1220039.6589;1382794.4696
"06";"14";"23";"03";"2015";5604.9631;247487.8406;325214.0324
"06";"14";"24";"04";"2015";203703.7886000001;14120744.467300002;14308180.849799998
"06";"14";"26";"02";"2015";39715.6088;1868913.9811;1868914.0230999999
"06";"14";"29";"02";"2015";70909.5482;3580532.3407999994;1053717.5998
"06";"34";"01";"01";"2015";85383.1239;10059321.274599997;12742996.2667
"06";"34";"01";"06";"2015";428148.4896;41573570.9859;51236839.0399
"06";"34";"03";"03";"2015";594156.4088999999;59954338.1652;95743115.89469999
"06";"34";"04";"04";"2015";1994019.9523000002;237378087.13019997;256237135.7608
"06";"34";"06";"02";"2015";255266.4172;16331688.027700001;17829353.775399998
"06";"34";"09";"02";"2015";404547.9659;36641692.500800006;13018436.902399998
"06";"34";"21";"01";"2015";9799.1331;417288.0494;458155.52
"06";"34";"21";"06";"2015";17868.7453;763270.0513;815285.2283000001
"06";"34";"23";"03";"2015";2933.7382;119107.4245;159918.6862
"06";"34";"24";"04";"2015";76291.0393;5341861.9236;5594158.495999999
"06";"34";"26";"02";"2015";30089.8544;1474738.8173;1474738.8471
"06";"34";"29";"02";"2015";82344.2243;3523569.6761000003;1185110.2319
"06";"35";"01";"01";"2015";640354.8219000001;70915117.4253;94629191.9452
"06";"35";"01";"06";"2015";4630506.6867;517802866.5711;680782103.8489001
"06";"35";"03";"03";"2015";5347901.6904;607378502.1396999;970408200.9963001
"06";"35";"04";"04";"2015";19615910.600100003;2299969602.3265;2484036617.0279
"06";"35";"06";"02";"2015";1710092.6522;177116655.22750002;193422148.68400002
"06";"35";"09";"02";"2015";4143434.4329;431414487.87439996;153359100.0728
"06";"35";"21";"01";"2015";92238.2758;6213923.815300001;7186219.2824
"06";"35";"21";"06";"2015";169212.6142;11444786.882;13041005.6789
"06";"35";"23";"03";"2015";28436.2399;1754206.5722;2359072.8772
"06";"35";"24";"04";"2015";1121931.3908;112894023.31179999;118387190.12169999
"06";"35";"26";"02";"2015";229572.9934;15614248.740699999;15614248.1644
"06";"35";"29";"02";"2015";772042.0475000001;53120284.69739999;17882005.573299997
"06";"36";"01";"01";"2015";365447.8922;61515124.3128;80432956.41499999
"06";"36";"01";"06";"2015";2524038.3042;384494684.9117;495227565.71930003
"06";"36";"03";"03";"2015";2506289.1789999995;411223327.19949996;655753984.8068
"06";"36";"04";"04";"2015";10541775.349599998;1800239646.4385998;1938868706.6116
"06";"36";"06";"02";"2015";1474070.371;162506013.30900002;177195523.78509998
"06";"36";"09";"02";"2015";1972221.9530000002;231550444.86990002;81664122.3429
"06";"36";"21";"01";"2015";44694.8951;1891706.5729;2143576.8871
"06";"36";"21";"06";"2015";81581.1478;3471712.9842;3875544.6911
"06";"36";"23";"03";"2015";8701.1674;322544.5063;431960.0149
"06";"36";"24";"04";"2015";292279.5625;19834422.5055;20688873.1557
"06";"36";"26";"02";"2015";99893.8926;4696814.2205;4696814.318399999
"06";"36";"29";"02";"2015";438399.4703;18357426.9513;6096382.6297
"07";"16";"01";"01";"2015";44896.0633;4355837.0048;4536337.077099999
"07";"16";"01";"06";"2015";102057.6558;10934134.8126;10928163.4109
"07";"16";"03";"03";"2015";223546.4466;22535378.239000004;39501099.9579
"07";"16";"04";"04";"2015";489662.7337;50955450.503599994;74246618.3008
"07";"16";"06";"02";"2015";245015.739;22469290.6323;24423142.7544
"07";"16";"09";"02";"2015";137109.9997;14359121.901100002;4863871.7713
"07";"16";"10";"02";"2015";80477.5721;7922760.777299999;2818484.8289
"07";"16";"21";"01";"2015";2394.5253;159450.7882;146704.3526
"07";"16";"21";"06";"2015";3767.5667;250157.0326;227200.4208
"07";"16";"23";"03";"2015";738.5051;47512.1112;63005.0544
"07";"16";"24";"04";"2015";21212.7733;1475747.2466;1503256.9008000002
"07";"16";"26";"02";"2015";9940.454;717518.4097;717518.4072
"07";"16";"29";"02";"2015";5524.9867;367303.2198;107830.5507
"07";"16";"30";"02";"2015";5491.7969;365333.6865;109486.2362
"07";"18";"01";"01";"2015";101070.8297;6934603.400199999;2648817.6629999997
"07";"18";"01";"06";"2015";1160582.5680999998;81406194.068;36905519.4471
"07";"18";"02";"02";"2015";509932.5763;33089362.7412;39392099.1492
"07";"18";"03";"03";"2015";672583.2209000001;36943857.9458;53026920.4816
"07";"18";"04";"04";"2015";1377744.4279999998;96390654.6428;132532179.40269999
"07";"18";"06";"02";"2015";261504.686;16305128.4514;17722964.6215
"07";"18";"09";"02";"2015";461876.6853;32064396.0495;10845023.331199998
"07";"18";"10";"02";"2015";205654.1384;12696437.1359;4509798.8390999995
"07";"18";"21";"01";"2015";10029.028;423687.8698;133356.7875
"07";"18";"21";"06";"2015";73723.3382;4664480.5315000005;1750339.8084
"07";"18";"22";"02";"2015";19314.9721;816505.0994000001;816505.049
"07";"18";"23";"03";"2015";2387.6175;100701.162;132973.9419
"07";"18";"24";"04";"2015";74225.6836;3204697.4833000004;3266100.0592
"07";"18";"26";"02";"2015";12272.2698;518787.7475000001;518787.6932999999
"07";"18";"29";"02";"2015";14657.2756;619310.9288999999;181536.2615
"07";"18";"30";"02";"2015";22515.401;951585.6429;284743.8961
"07";"32";"01";"01";"2015";33617.9149;1830867.164;626130.1539
"07";"32";"01";"06";"2015";461976.6699;21454242.3158;9508173.469099998
"07";"32";"02";"02";"2015";254113.1682;10208436.1866;12152900.247299999
"07";"32";"03";"03";"2015";530220.0166;18913898.081;27225995.363
"07";"32";"04";"04";"2015";619733.5878000001;29896647.809099995;41807649.41440002
"07";"32";"06";"02";"2015";100496.0351;3962387.9595000003;4306942.8268
"07";"32";"09";"02";"2015";204324.29;8915203.7296;3059858.5494
"07";"32";"10";"02";"2015";85608.7595;3557371.5949999997;1282259.1634999998
"07";"32";"11";"04";"2015";468958.2049999998;19878079.9892;23664380.571899995
"07";"32";"21";"01";"2015";13454.646;379436.9293;106865.5805
"07";"32";"21";"06";"2015";14808.1571;425735.4130000001;155145.7385
"07";"32";"22";"02";"2015";14891.0687;420836.1273;420836.1385999999
"07";"32";"23";"03";"2015";1606.1203;40936.0931;54062.4519
"07";"32";"24";"04";"2015";16774.6935;476552.15;487272.1504
"07";"32";"26";"02";"2015";4317.1373;125984.9024;125984.9199
"07";"32";"29";"02";"2015";13379.3967;377892.9096;112404.5757
"07";"32";"30";"02";"2015";9369.5212;268200.6361;81440.7385
"07";"32";"31";"04";"2015";15200.6867;432271.6361999999;432271.6417
"07";"33";"01";"01";"2015";907445.7867999999;35576031.7682;20341947.5037
"07";"33";"01";"06";"2015";20890.8291;435535.3765;176874.3337
"07";"33";"02";"02";"2015";423213.8844;7061156.1983;8406137.924899999
"07";"33";"03";"03";"2015";576092.9319000001;20087909.996300004;28857794.589500006
"07";"33";"04";"04";"2015";4821800.5829;147222227.2566;207092730.14859998
"07";"33";"06";"02";"2015";277581.8497;5928698.3146;6444238.0027
"07";"33";"09";"02";"2015";232566.711;5041321.795100001;1707649.2057
"07";"33";"10";"02";"2015";174861.6807;5969096.3445;2123477.8599
"07";"33";"11";"04";"2015";1844199.9389;77523220.0438;92289548.93319999
"07";"33";"21";"01";"2015";33167.5848;225253.8037;105777.7922
"07";"33";"21";"06";"2015";45523.442;309884.4323;104180.3405
"07";"33";"22";"02";"2015";38699.0043;274994.0965;274994.0996
"07";"33";"23";"03";"2015";8042.7709;53164.7704;70361.0055
"07";"33";"24";"04";"2015";92133.1986;950162.3843;974425.6025
"07";"33";"26";"02";"2015";9967.796;70407.0586;70407.0577
"07";"33";"29";"02";"2015";34018.2078;233445.438;68533.4356
"07";"33";"30";"02";"2015";25106.2174;177635.8099;53235.3777
"07";"33";"31";"04";"2015";71721.0454;503468.5406;503468.5317
"07";"43";"01";"01";"2015";340728.0106;36711460.301599994;42107146.0081
"07";"43";"01";"06";"2015";851326.876;91096696.3032;103321989.51950002
"07";"43";"03";"03";"2015";1180025.7044000006;89336411.45230004;162067553.4097
"07";"43";"04";"04";"2015";1140916.5949;134997305.1072;185422343.05889994
"07";"43";"05";"02";"2015";1827855.2620000006;269667433.4818;109754750.25039996
"07";"43";"06";"02";"2015";966607.9345999998;64275663.0514;69864850.4927
"07";"43";"21";"01";"2015";18661.5191;519974.4923999999;541496.7525000001
"07";"43";"21";"06";"2015";29295.2324;818608.9287000003;845003.6477
"07";"43";"23";"03";"2015";4008.2973;108960.2369;151262.9914
"07";"43";"24";"04";"2015";148634.3554;4922952.7536;5175931.4263
"07";"43";"25";"02";"2015";118933.9861;17518675.440400004;5513699.089299999
"07";"43";"26";"02";"2015";39240.4873;1184556.7912999997;1184556.7371
"07";"59";"01";"01";"2015";157878.4777;13843443.7848;5979372.229499999
"07";"59";"01";"06";"2015";1770099.4172;167587831.7895;66521586.4698
"07";"59";"02";"02";"2015";1162577.5758;78890306.24080001;93917032.26810001
"07";"59";"03";"03";"2015";709207.0178999999;54560389.94019999;78605949.09080002
"07";"59";"04";"04";"2015";691903.1088;71377269.92430003;98587383.47460002
"07";"59";"06";"02";"2015";514391.6487000001;49327749.8647;53617119.0852
"07";"59";"09";"02";"2015";1728488.0911;147433699.77230003;49865959.82510001
"07";"59";"21";"01";"2015";15158.5921;267948.8929;95297.8231
"07";"59";"21";"06";"2015";115005.5501;12662055.1381;4133064.117
"07";"59";"22";"02";"2015";31251.997;579428.1011;579428.0919000001
"07";"59";"23";"03";"2015";4184.7241;72923.2091;97062.7042
"07";"59";"24";"04";"2015";114476.5305;2031776.4954;2082164.7954
"07";"59";"26";"02";"2015";18650.5623;373009.6401;373009.6503
"07";"59";"29";"02";"2015";66749.722;3020115.2971;885274.8886
"07";"61";"01";"01";"2015";31141.3862;1291634.8994;728297.1148000001
"07";"61";"01";"06";"2015";48908.605;3662070.0055;1736977.5850999998
"07";"61";"02";"02";"2015";6454.3345;128662.3793;153169.5027
"07";"61";"03";"03";"2015";68831.9322;2192442.8783;3090123.3978
"07";"61";"04";"04";"2015";92347.5615;4231396.6599;5957196.67
"07";"61";"06";"02";"2015";9137.9478;213887.4354;232486.3437
"07";"61";"09";"02";"2015";10237.4387;462663.3444;156718.1627
"07";"61";"10";"02";"2015";6776.5752;229310.7722;81576.2249
"07";"61";"11";"04";"2015";11916.7201;630133.7313000001;750159.1669000001
"07";"61";"21";"01";"2015";973.7233;10319.0434;4800.0018
"07";"61";"21";"06";"2015";1893.4092;19902.2199;7775.2158
"07";"61";"22";"02";"2015";1640.5947;18981.3295;18981.3287
"07";"61";"23";"03";"2015";229.1705;2375.0528;3142.0197
"07";"61";"24";"04";"2015";2469.7173;26400.4679;27085.7371
"07";"61";"26";"02";"2015";1832.7967;22771.4254;22771.4253
"07";"61";"29";"02";"2015";1045.9355;13723.8647;4028.9653
"07";"61";"30";"02";"2015";770.6267;10402.7542;3117.5839
"07";"61";"31";"04";"2015";2076.0976;22307.3137;22307.3126
"07";"65";"01";"01";"2015";20814.4815;2657986.3259;1281327.7955999998
"07";"65";"01";"06";"2015";54761.778;12118519.1806;5701491.1671
"07";"65";"02";"02";"2015";57910.7819;3621475.0253;4311279.777
"07";"65";"03";"03";"2015";91968.9928;11036261.9181;15946051.103500001
"07";"65";"04";"04";"2015";191707.6173;29654677.700200003;41980007.302
"07";"65";"06";"02";"2015";44557.247;4121378.2819;4479758.9615
"07";"65";"09";"02";"2015";26502.6386;4154031.6915;1405002.9838
"07";"65";"10";"02";"2015";19096.6941;3272941.3573;1200682.8062
"07";"65";"21";"01";"2015";755.5573;20061.1706;8001.423
"07";"65";"21";"06";"2015";946.5707;25124.874;9762.9193
"07";"65";"22";"02";"2015";2512.2721;66882.2601;66882.2548
"07";"65";"23";"03";"2015";363.0758;9634.4808;12832.2861
"07";"65";"24";"04";"2015";9795.5639;419598.8782;432086.1718
"07";"65";"26";"02";"2015";1713.1709;45608.4129;45608.409
"07";"65";"29";"02";"2015";1253.7616;33322.8121;9767.7886
"07";"65";"30";"02";"2015";2002.9238;53285.2929;16467.4256
"07";"80";"01";"01";"2015";135125.8459;17544540.8927;8432037.656
"07";"80";"01";"06";"2015";259891.9174;48299480.5468;22859330.9822
"07";"80";"02";"02";"2015";436614.1268000001;26773434.15;31873136.173100002
"07";"80";"03";"03";"2015";612965.3128999998;75693989.8487;109084861.11080001
"07";"80";"04";"04";"2015";859925.6614000001;145943320.2649;206222016.07769996
"07";"80";"06";"02";"2015";316782.6426;30979904.5094;33673809.206499994
"07";"80";"09";"02";"2015";261681.3588;32393599.961500004;10956368.680600002
"07";"80";"10";"02";"2015";97536.4166;16542651.5113;6068693.4181
"07";"80";"11";"04";"2015";538042.8890000001;94356579.2577;112329261.60640001
"07";"80";"21";"01";"2015";7943.4254;231307.5605;91726.837
"07";"80";"21";"06";"2015";10915.5195;317083.7271;123894.7039
"07";"80";"22";"02";"2015";15394.3499;458821.979;458821.9497
"07";"80";"23";"03";"2015";2193.5947;62370.5787;82884.4956
"07";"80";"24";"04";"2015";30763.9009;903150.5711;928689.5105
"07";"80";"26";"02";"2015";10198.8109;303971.1737;303971.1763999999
"07";"80";"29";"02";"2015";10915.539;315533.1614;92491.0407
"07";"80";"30";"02";"2015";11922.0236;351824.882;108728.8734
"07";"80";"31";"04";"2015";29761.3242;877047.7917999999;877047.8060999999
"07";"81";"01";"01";"2015";967036.7310000001;97058359.34170002;55918857.60569999
"07";"81";"01";"06";"2015";46685.4524;5301634.8297999995;2549230.5218999996
"07";"81";"02";"02";"2015";266828.1485;21380395.259;25452854.224399995
"07";"81";"03";"03";"2015";931348.5487000003;102734815.2965;148182330.24789998
"07";"81";"04";"04";"2015";4011664.5061999997;682411557.3017;964402952.3929
"07";"81";"06";"02";"2015";325561.4784;25653872.594499998;27884644.4603
"07";"81";"09";"02";"2015";340726.8749999999;24405053.3024;8266734.9715
"07";"81";"10";"02";"2015";72110.3622;3230201.3298999993;1185003.6929
"07";"81";"11";"04";"2015";4549857.5134000005;881003120.9959998;1048813242.3736001
"07";"81";"21";"01";"2015";36866.808;1504318.5310999998;711497.1897
"07";"81";"21";"06";"2015";53571.8655;2188209.29;867510.8312
"07";"81";"22";"02";"2015";44147.6639;1866093.4985999998;1866093.521
"07";"81";"23";"03";"2015";7480.0614;283139.9494;376315.7549
"07";"81";"24";"04";"2015";95125.4785;3916079.1086;4028473.7009999994
"07";"81";"26";"02";"2015";31188.5044;1318318.1202;1318318.1230000001
"07";"81";"29";"02";"2015";43137.9568;1764966.679;518147.7558
"07";"81";"30";"02";"2015";33496.2484;1380560.5997999997;426652.0279
"07";"81";"31";"04";"2015";84086.0476;3505591.0245999997;3505590.927
"07";"82";"01";"01";"2015";342255.4466;14977049.625;8498098.0822
"07";"82";"01";"06";"2015";5554.5923;311528.7271;149428.592
"07";"82";"02";"02";"2015";126826.9316;3385796.5393999997;4030710.3087
"07";"82";"03";"03";"2015";158899.6286;8203351.409200001;11788118.0428
"07";"82";"04";"04";"2015";1326854.2974;76286812.98889999;107355501.75410001
"07";"82";"06";"02";"2015";80834.8453;3319569.6637000004;3608227.7182
"07";"82";"09";"02";"2015";59320.5698;2179245.6083;738176.8293999999
"07";"82";"10";"02";"2015";21125.3677;458801.6735;158974.9435
"07";"82";"11";"04";"2015";857367.1228;46797904.7829;55711791.7324
"07";"82";"21";"01";"2015";10457.1966;82835.9363;38587.571
"07";"82";"21";"06";"2015";17046.535;134527.9953;53240.4613
"07";"82";"22";"02";"2015";15424.417;147051.2059;147051.2155
"07";"82";"23";"03";"2015";2969.583;23381.3616;30960.4882
"07";"82";"24";"04";"2015";27948.2015;245078.9883;251363.0666
"07";"82";"26";"02";"2015";7625.7249;78119.7119;78119.7086
"07";"82";"29";"02";"2015";10838.744;86286.9764;25331.5856
"07";"82";"30";"02";"2015";7357.1653;59190.5332;17277.3682
"07";"82";"31";"04";"2015";48304.4544;2202163.2228;2202163.2191999997
"07";"91";"01";"01";"2015";1213370.3727000004;124531585.6014;72758502.16190004
"07";"91";"01";"06";"2015";36958.5266;4525299.9805000005;2186374.6096999994
"07";"91";"02";"02";"2015";1227616.485;63899107.77470001;76070369.53029999
"07";"91";"03";"03";"2015";965753.462;85339707.93139999;124234793.73380001
"07";"91";"04";"04";"2015";2009796.2051;187807689.79689994;269842324.2806001
"07";"91";"06";"02";"2015";694244.4794999998;44377715.09260002;48236646.565900005
"07";"91";"09";"02";"2015";1237858.1314;90727899.7801;30732301.118299995
"07";"91";"11";"04";"2015";4624896.810199997;465664205.5758998;554362152.1678
"07";"91";"21";"01";"2015";14107.148;429792.9457;209301.0643
"07";"91";"21";"06";"2015";148769.005;4535665.863100001;1801194.2078999996
"07";"91";"22";"02";"2015";18491.137;578867.0778999999;578867.1749999998
"07";"91";"23";"03";"2015";3829.8731;112533.1072;150204.3664
"07";"91";"24";"04";"2015";45466.7817;1383630.6660999998;1429712.9181000001
"07";"91";"26";"02";"2015";13584.983;425279.3869;425279.3891000001
"07";"91";"29";"02";"2015";142731.2923;5001638.387399999;1468349.349
"07";"91";"31";"04";"2015";37661.9654;1366424.9104000002;1366424.8137000003
"07";"95";"01";"01";"2015";346366.7062;33503307.2287;18845589.4085
"07";"95";"01";"06";"2015";204310.7546;23030869.102;11235708.723600002
"07";"95";"02";"02";"2015";395098.5969000001;33183203.800300002;39503815.4568
"07";"95";"03";"03";"2015";818671.3221999999;74449366.98220001;110168693.1715
"07";"95";"04";"04";"2015";969802.0028;142209858.2371;207606414.69540003
"07";"95";"06";"02";"2015";850632.9139;70798352.8325;76954733.0064
"07";"95";"09";"02";"2015";902557.8739000001;103282295.2711;34932791.606000006
"07";"95";"11";"04";"2015";2200198.374;355668027.08889997;423414341.4396
"07";"95";"21";"01";"2015";11048.3217;498016.9024;228704.1317
"07";"95";"21";"06";"2015";7531.7517;340473.5818;136973.8277
"07";"95";"22";"02";"2015";21228.8145;980793.6135;980793.6041000001
"07";"95";"23";"03";"2015";1133.5974;46648.2136;62851.6722
"07";"95";"24";"04";"2015";38816.7529;1748464.2741;1819444.2244000002
"07";"95";"26";"02";"2015";16622.9927;771651.7886;771651.7766
"07";"95";"29";"02";"2015";99783.3852;6564009.751100001;1924083.1132
"07";"95";"31";"04";"2015";40264.746;2180222.9727;2180223.0829999996
"08";"60";"08";"01";"2015";815289.6969;128440771.4151;122324537.49959995
"08";"60";"08";"02";"2015";5110285.954999999;314661892.5028;299678002.51220006
"08";"60";"08";"03";"2015";6659809.744000001;977213907.6772997;930679919.4604001
"08";"60";"08";"04";"2015";12436896.611200009;2070087656.4032989;1971512089.9737005
"08";"60";"08";"06";"2015";1010077.9467;151423183.4483;144212553.9370001
