BRANCHE;SS_BRANCHE;BAT_TYPE;BRANCHE;SS_BRANCHE;BAT_TYPE;ID;SURFACE;taille bâtiment;Type facteur correctif;puissance;nb_etages_moy;taux_vitrage;hauteur étage;Smur/Spl;Sfen/Spl;Stoit/Spl;Splancher/Spl;Smur;Sfen;Stoit;Splancher;Smur/Sparois;Sfen/Sparois;Stoit/Sparois;Splancher/Sparois;FEN;FEN_MUR;ENS
Bureaux Administration;Administration;immeuble peri urbain;01;01;42;010142;238;<5000m2;bureaux;P>=30kW;3;0,5;3;0,673633069708608;0,673633069708608;0,333333333333333;0,333333333333333;160,324670590649;160,324670590649;79,3333333333333;79,3333333333333;0,334486368002762;0,334486368002762;0,165513631997238;0,165513631997238;0,334486368002762;0,668972736005523;1
Bureaux Administration;Administration;immeuble rénové;01;01;44;010144;352;<5000m2;bureaux;P>=30kW;4;0,3;3;0,895443008693564;0,383761289440099;0,25;0,25;315,195939060134;135,083973882915;88;88;0,503282849323633;0,215692649710128;0,14051225048312;0,14051225048312;0,215692649710128;0,718975499033761;1
Bureaux Administration;Administration;plateau large bureaux cloisonnés;01;01;84;010184;7386;5000<S<10000;bureaux;P>=30kW;11;0,5;3;0,231549016835314;0,231549016835314;0,0909090909090909;0,0909090909090909;1710,22103834563;1710,22103834563;671,454545454546;671,454545454546;0,359037362178609;0,359037362178609;0,140962637821391;0,140962637821391;0,359037362178609;0,718074724357219;1
Bureaux Administration;Bureaux;immeuble peri urbain;01;02;42;010242;78;<5000m2;bureaux;P<30kW;3;0,5;3;1,1766968108291;1,1766968108291;0,333333333333333;0,333333333333333;91,7823512446701;91,7823512446701;26;26;0,389626927441829;0,389626927441829;0,110373072558171;0,110373072558171;0,389626927441829;0,779253854883657;1
Bureaux Administration;Bureaux;immeuble rénové;01;02;44;010244;104;<5000m2;bureaux;P<30kW;4;0,3;3;1,64737553516075;0,706018086497463;0,25;0,25;171,327055656718;73,4258809957361;26;26;0,577339040312075;0,247431017276604;0,0876149712056607;0,0876149712056607;0,247431017276604;0,824770057588678;1
Bureaux Administration;Bureaux;immeuble résidentiel;01;02;45;010245;40;<5000m2;bureaux;P<30kW;1;0,3;3;1,32815661727072;0,569209978830308;1;1;53,1262646908288;22,7683991532123;40;40;0,340783086353597;0,146049894151541;0,256583509747431;0,256583509747431;0,146049894151541;0,486832980505138;1
Bureaux Administration;Bureaux;plateau large bureau paysagés;01;02;83;010283;5598;5000<S<10000;bureaux;P>=30kW;11;0,5;3;0,26596907684772;0,26596907684772;0,0909090909090909;0,0909090909090909;1488,89489219354;1488,89489219354;508,909090909091;508,909090909091;0,372632877095693;0,372632877095693;0,127367122904307;0,127367122904307;0,372632877095693;0,745265754191387;1
Bureaux Administration;Bureaux;plateau large bureaux cloisonnés;01;02;84;010284;6048;5000<S<10000;bureaux;P>=30kW;11;0,5;3;0,255883157859579;0,255883157859579;0,0909090909090909;0,0909090909090909;1547,58133873474;1547,58133873474;549,818181818182;549,818181818182;0,368928600290412;0,368928600290412;0,131071399709589;0,131071399709589;0,368928600290412;0,737857200580823;1
Bureaux Administration;Bureaux;plateau mince;01;02;85;010285;5627;5000<S<10000;bureaux;P>=30kW;11;0,5;3;0,265282826028517;0,265282826028517;0,0909090909090909;0,0909090909090909;1492,74646206246;1492,74646206246;511,545454545455;511,545454545455;0,372387487494537;0,372387487494537;0,127612512505463;0,127612512505463;0,372387487494537;0,744774974989073;1
Café Hôtel Restaurant;Café, cantine, traiteur;Grand bar café tabac;02;04;16;020416;490;<5000m2;restauration;P>=30kW;1;0,3;3;0,379473319220206;0,162631422522945;1;1;185,941926417901;79,6893970362432;490;490;0,149275249358922;0,0639751068681092;0,393374821886485;0,393374821886485;0,0639751068681092;0,213250356227031;1
Café Hôtel Restaurant;Café, cantine, traiteur;Grande cantine;02;04;31;020431;499;<5000m2;restauration;P>=30kW;1;0,3;3;0,37603564407011;0,161158133172904;1;1;187,641786390985;80,4179084532792;499;499;0,148209272560459;0,0635182596687681;0,394136233885387;0,394136233885387;0,0635182596687681;0,211727532229227;1
Café Hôtel Restaurant;Café, cantine, traiteur;Petit bar café tabac;02;04;62;020462;79;<5000m2;restauration;P<30kW;1;0,3;3;0,94507383677786;0,405031644333369;1;1;74,660833105451;31,9974999023361;79;79;0,282102710528499;0,120901161655071;0,298498063908215;0,298498063908215;0,120901161655071;0,403003872183571;1
Café Hôtel Restaurant;Café, cantine, traiteur;Petite cantine;02;04;79;020479;398;<5000m2;restauration;P>=30kW;1;0,3;3;0,421053953978352;0,180451694562151;1;1;167,579473683384;71,819774435736;398;398;0,16185010177263;0,0693643293311271;0,384392784448121;0,384392784448121;0,0693643293311271;0,231214431103757;1
Café Hôtel Restaurant;Hôtel avec restaurant;Grand Hotel avec restaurant Bas de gamme;02;18;20;021820;1398;<5000m2;hotellerie;P>=30kW;4;0,4;3;0,385131380515157;0,256754253676771;0,25;0,25;538,41366996019;358,942446640126;349,5;349,5;0,337276666754548;0,224851111169699;0,218936111037876;0,218936111037876;0,224851111169699;0,562127777924247;1
Café Hôtel Restaurant;Hôtel avec restaurant;Grand Hotel avec restaurant Haut de gamme;02;18;21;021821;2084;<5000m2;hotellerie;P>=30kW;4;0,4;3;0,315437727123593;0,210291818082395;0,25;0,25;657,372223325568;438,248148883712;521;521;0,307525242494839;0,205016828329893;0,243728964587634;0,243728964587634;0,205016828329893;0,512542070824732;1
Café Hôtel Restaurant;Hôtel avec restaurant;Grand Hotel avec restaurant Luxe;02;18;22;021822;3045;<5000m2;hotellerie;P>=30kW;4;0,4;3;0,26095693546539;0,17397129031026;0,25;0,25;794,613868492112;529,742578994742;761,25;761,25;0,279119753015148;0,186079835343432;0,26740020582071;0,26740020582071;0,186079835343432;0,46519958835858;1
Café Hôtel Restaurant;Hôtel avec restaurant;Hotel d'affaire avec restaurant Haut de gamme;02;18;37;021837;4853;<5000m2;hotellerie;P>=30kW;4;0,4;3;0,20670802924666;0,137805352831107;0,25;0,25;1003,15406593404;668,769377289361;1213,25;1213,25;0,244765842239342;0,163177228159562;0,296028464800548;0,296028464800548;0,163177228159562;0,407943070398904;1
Café Hôtel Restaurant;Hôtel avec restaurant;Hotel d'affaire avec restaurant Luxe;02;18;38;021838;6594;5000<S<10000;hotellerie;P>=30kW;4;0,4;3;0,177332370961195;0,118221580640797;0,25;0,25;1169,32965411812;779,553102745413;1648,5;1648,5;0,222904267654135;0,148602845102757;0,314246443621554;0,314246443621554;0,148602845102757;0,371507112756891;1
Café Hôtel Restaurant;Hôtel avec restaurant;Moyen Hotel avec restaurant Bas de gamme;02;18;53;021853;416;<5000m2;hotellerie;P>=30kW;4;0,4;3;0,706018086497463;0,470678724331642;0,25;0,25;293,703523982944;195,802349321963;104;104;0,421076775441796;0,280717850294531;0,149102687131837;0,149102687131837;0,280717850294531;0,701794625736327;1
Café Hôtel Restaurant;Hôtel avec restaurant;Moyen Hotel avec restaurant Haut de gamme;02;18;54;021854;956;<5000m2;hotellerie;P>=30kW;4;0,4;3;0,465729283694269;0,310486189129512;0,25;0,25;445,237195211721;296,824796807814;239;239;0,364929977430681;0,243286651620454;0,195891685474432;0,195891685474432;0,243286651620454;0,608216629051135;1
Café Hôtel Restaurant;Hôtel avec restaurant;Moyen Hotel avec restaurant Luxe;02;18;55;021855;1463;<5000m2;hotellerie;P>=30kW;4;0,4;3;0,376478629643521;0,250985753095681;0,25;0,25;550,788235168472;367,192156778981;365,75;365,75;0,333916206495905;0,222610804330603;0,221736494586746;0,221736494586746;0,222610804330603;0,556527010826508;1
Café Hôtel Restaurant;Hôtel avec restaurant;Petit Hotel avec restaurant Bas de gamme;02;18;67;021867;144;<5000m2;hotellerie;P<30kW;4;0,4;3;1,2;0,8;0,25;0,25;172,8;115,2;36;36;0,48;0,32;0,1;0,1;0,32;0,8;1
Café Hôtel Restaurant;Hôtel avec restaurant;Petit Hotel avec restaurant Haut de gamme;02;18;68;021868;367;<5000m2;hotellerie;P>=30kW;4;0,4;3;0,751673881399508;0,501115920933005;0,25;0,25;275,864314473619;183,909542982413;91,75;91,75;0,428844280357646;0,285896186905098;0,142629766368628;0,142629766368628;0,285896186905098;0,714740467262744;1
Café Hôtel Restaurant;Hôtel avec restaurant;Petit Hotel avec restaurant Luxe;02;18;69;021869;536;<5000m2;hotellerie;P>=30kW;4;0,4;3;0,621985266418579;0,414656844279053;0,25;0,25;333,384102800358;222,256068533572;134;134;0,404769114479232;0,269846076319488;0,16269240460064;0,16269240460064;0,269846076319488;0,674615190798721;1
Café Hôtel Restaurant;Hôtel sans restaurant;Grand Hotel sans restaurant Bas de gamme;02;19;23;021923;995;<5000m2;hotellerie;P>=30kW;4;0,4;3;0,456510689962734;0,304340459975156;0,25;0,25;454,22813651292;302,81875767528;248,75;248,75;0,362065490430985;0,241376993620657;0,198278757974179;0,198278757974179;0,241376993620657;0,603442484051642;1
Café Hôtel Restaurant;Hôtel sans restaurant;Grand Hotel sans restaurant Haut de gamme;02;19;24;021924;1544;<5000m2;hotellerie;P>=30kW;4;0,4;3;0,366470350962687;0,244313567308458;0,25;0,25;565,830221886389;377,220147924259;386;386;0,329920468720029;0,219946979146686;0,225066276066642;0,225066276066642;0,219946979146686;0,549867447866716;1
Café Hôtel Restaurant;Hôtel sans restaurant;Grand Hotel sans restaurant Luxe;02;19;25;021925;2400;<5000m2;hotellerie;P>=30kW;4;0,4;3;0,293938769133981;0,195959179422654;0,25;0,25;705,453045921555;470,30203061437;600;600;0,296938456699069;0,197958971132712;0,252551286084109;0,252551286084109;0,197958971132712;0,494897427831781;1
Café Hôtel Restaurant;Hôtel sans restaurant;Hotel d'affaire sans restaurant Haut de Gamme;02;19;39;021939;4038;<5000m2;hotellerie;P>=30kW;4;0,4;3;0,226610137751925;0,15107342516795;0,25;0,25;915,051736242274;610,034490828183;1009,5;1009,5;0,258191160602392;0,172127440401595;0,284840699498007;0,284840699498007;0,172127440401595;0,430318601003987;1
Café Hôtel Restaurant;Hôtel sans restaurant;Hotel d'affaire sans restaurant Luxe;02;19;40;021940;4368;<5000m2;hotellerie;P>=30kW;4;0,4;3;0,217881911760769;0,145254607840513;0,25;0,25;951,708190571038;634,472127047359;1092;1092;0,252430417219998;0,168286944813332;0,289641318983335;0,289641318983335;0,168286944813332;0,420717362033331;1
Café Hôtel Restaurant;Hôtel sans restaurant;Moyen Hotel sans restaurant Bas de gamme;02;19;56;021956;420;<5000m2;hotellerie;P>=30kW;4;0,4;3;0,702648052522944;0,468432035015296;0,25;0,25;295,112182059636;196,741454706424;105;105;0,420475390594866;0,280316927063244;0,149603841170945;0,149603841170945;0,280316927063244;0,70079231765811;1
Café Hôtel Restaurant;Hôtel sans restaurant;Moyen Hotel sans restaurant Haut de gamme;02;19;57;021957;775;<5000m2;hotellerie;P>=30kW;4;0,4;3;0,517263269837112;0,344842179891408;0,25;0,25;400,879034123762;267,252689415841;193,75;193,75;0,379752734959108;0,253168489972739;0,183539387534076;0,183539387534076;0,253168489972739;0,632921224931847;1
Café Hôtel Restaurant;Hôtel sans restaurant;Moyen Hotel sans restaurant Luxe;02;19;58;021958;1236;<5000m2;hotellerie;P>=30kW;4;0,4;3;0,409593689271773;0,273062459514516;0,25;0,25;506,257799939912;337,505199959941;309;309;0,346333707977693;0,230889138651795;0,211388576685256;0,211388576685256;0,230889138651795;0,577222846629488;1
Café Hôtel Restaurant;Hôtel sans restaurant;Petit Hotel sans restaurant Bas de gamme;02;19;70;021970;139;<5000m2;hotellerie;P<30kW;4;0,4;3;1,22139205873916;0,814261372492772;0,25;0,25;169,773496164743;113,182330776495;34,75;34,75;0,481687301464441;0,32112486764296;0,0985939154462995;0,0985939154462995;0,32112486764296;0,802812169107401;1
Café Hôtel Restaurant;Hôtel sans restaurant;Petit Hotel sans restaurant Haut de gamme;02;19;71;021971;284;<5000m2;hotellerie;P>=30kW;4;0,4;3;0,854482793899574;0,56965519593305;0,25;0,25;242,673113467479;161,782075644986;71;71;0,444086026269823;0,296057350846548;0,129928311441814;0,129928311441814;0,296057350846548;0,740143377116371;1
Café Hôtel Restaurant;Hôtel sans restaurant;Petit Hotel sans restaurant Luxe;02;19;72;021972;394;<5000m2;hotellerie;P>=30kW;4;0,4;3;0,725461519478225;0,483641012985483;0,25;0,25;285,831838674421;190,55455911628;98,5;98,5;0,424469278874952;0,282979519249968;0,14627560093754;0,14627560093754;0,282979519249968;0,70744879812492;1
Café Hôtel Restaurant;Restaurant;Grand restaurant rapide;02;26;29;022629;390;<5000m2;restauration;P>=30kW;1;0,3;3;0,42535053417514;0,18229308607506;1;1;165,886708328305;71,0943035692734;390;390;0,163116819672747;0,0699072084311771;0,383487985948038;0,383487985948038;0,0699072084311771;0,233024028103924;1
Café Hôtel Restaurant;Restaurant;Grand restaurant traditionnel;02;26;30;022630;393;<5000m2;restauration;P>=30kW;1;0,3;3;0,423723948736467;0,181595978029915;1;1;166,523511853432;71,3672193657564;393;393;0,162637971783518;0,0697019879072219;0,38383002015463;0,38383002015463;0,0697019879072219;0,23233995969074;1
Café Hôtel Restaurant;Restaurant;Petit restaurant rapide;02;26;77;022677;40;<5000m2;restauration;P<30kW;1;0,3;3;1,32815661727072;0,569209978830308;1;1;53,1262646908288;22,7683991532123;40;40;0,340783086353597;0,146049894151541;0,256583509747431;0,256583509747431;0,146049894151541;0,486832980505138;1
Café Hôtel Restaurant;Restaurant;Petit restaurant traditionnel;02;26;78;022678;40;<5000m2;restauration;P<30kW;1;0,3;3;1,32815661727072;0,569209978830308;1;1;53,1262646908288;22,7683991532123;40;40;0,340783086353597;0,146049894151541;0,256583509747431;0,256583509747431;0,146049894151541;0,486832980505138;1
Commerce;Commerce de détail non alimentaire;Complexe brico;03;06;09;030609;2676;<5000m2;commerces;P>=30kW;3;0,1;3;0,361610746298509;0,0401789718109455;0,333333333333333;0,333333333333333;967,670357094811;107,51892856609;892;892;0,338442215752475;0,0376046906391639;0,311976546804181;0,311976546804181;0,0376046906391639;0,376046906391639;1
Commerce;Commerce de détail non alimentaire;Grand brico;03;06;17;030617;1062;<5000m2;commerces;P>=30kW;1;0,1;3;0,331406862443396;0,0368229847159329;1;1;351,954087914887;39,1060097683208;1062;1062;0,13993863933474;0,01554873770386;0,4222563114807;0,4222563114807;0,01554873770386;0,1554873770386;1
Commerce;Commerce de détail non alimentaire;Grand librairie;03;06;26;030626;860;<5000m2;commerces;P>=30kW;3;0,1;3;0,637874377076108;0,0708749307862342;0,333333333333333;0,333333333333333;548,571964285453;60,9524404761614;286,666666666667;286,666666666667;0,463768335462687;0,0515298150514097;0,242350924742952;0,242350924742952;0,0515298150514097;0,515298150514097;1
Commerce;Commerce de détail non alimentaire;Grand Mode;03;06;27;030627;621;<5000m2;commerces;P>=30kW;3;0,1;3;0,750651890605469;0,0834057656228299;0,333333333333333;0,333333333333333;466,154824065996;51,7949804517774;207;207;0,500193059547024;0,055577006616336;0,22211496691832;0,22211496691832;0,055577006616336;0,55577006616336;1
Commerce;Commerce de détail non alimentaire;Petit brico;03;06;64;030664;131;<5000m2;commerces;P<30kW;1;0,2;3;0,838755894394597;0,209688973598649;1;1;109,877022165692;27,469255541423;131;131;0,275142221924695;0,0687855554811739;0,328036111297065;0,328036111297065;0,0687855554811739;0,343927777405869;1
Commerce;Commerce de détail non alimentaire;Petit librairie;03;06;73;030673;101;<5000m2;commerces;P<30kW;1;0,2;3;0,95523570260159;0,238808925650397;1;1;96,4788059627606;24,1197014906901;101;101;0,299067738175081;0,0747669345437703;0,313082663640574;0,313082663640574;0,0747669345437703;0,373834672718851;1
Commerce;Commerce de détail non alimentaire;Petit mode;03;06;74;030674;69;<5000m2;commerces;P<30kW;1;0,2;3;1,15570418962338;0,288926047405846;1;1;79,7435890840135;19,9358972710034;69;69;0,335508925515356;0,0838772313788391;0,290306921552902;0,290306921552902;0,0838772313788391;0,419386156894195;1
Commerce;Commerce de détail non alimentaire;ZAC Mode;03;06;96;030696;204;<5000m2;commerces;P>=30kW;1;0,1;3;0,756151245375125;0,0840168050416806;1;1;154,254854056526;17,1394282285028;204;204;0,26623468469204;0,0295816316324489;0,352091841837755;0,352091841837755;0,0295816316324489;0,295816316324489;1
Commerce;Commerce de gros;Grand commerce de gros;03;07;19;030719;6511;5000<S<10000;commerces;P>=30kW;1;0,1;3;0,133844308354224;0,0148715898171359;1;1;871,460291694349;96,8289212993721;6511;6511;0,0622903700150077;0,00692115222388974;0,465394238880551;0,465394238880551;0,00692115222388974;0,0692115222388974;1
Commerce;Commerce de gros;Petit commerce de gros;03;07;66;030766;236;<5000m2;commerces;P>=30kW;1;0,2;3;0,624906772707955;0,156226693176989;1;1;147,477998359077;36,8694995897693;236;236;0,224694995897693;0,0561737489744233;0,359565627563942;0,359565627563942;0,0561737489744233;0,280868744872116;1
Commerce;Entrepôt;Entrepôt;03;12;12;031212;1488;<5000m2;commerces;P>=30kW;1;0,05;3;0,295531232998171;0,0155542754209564;1;1;439,750474701279;23,1447618263831;1488;1488;0,127875507817245;0,00673028988511815;0,432697101148819;0,432697101148819;0,00673028988511815;0,134605797702363;1
Commerce;Grand commerce alimentaire;Grand alimentaire;03;16;15;031615;1779;<5000m2;commerces;P>=30kW;3;0,1;3;0,443502843670718;0,0492780937411909;0,333333333333333;0,333333333333333;788,991558890208;87,6657287655786;593;593;0,382512191245739;0,0425013545828599;0,2874932270857;0,2874932270857;0,0425013545828599;0,425013545828599;1
Commerce;Grand commerce alimentaire;Hypermarché;03;16;41;031641;6373;5000<S<10000;commerces;P>=30kW;1;0,1;3;0,135285669820608;0,0150317410911787;1;1;862,175573766736;95,7972859740818;6373;6373;0,062914279135769;0,00699047545952989;0,465047622702351;0,465047622702351;0,00699047545952989;0,0699047545952989;1
Commerce;Grand commerce alimentaire;Superette;03;16;92;031692;118;<5000m2;commerces;P<30kW;1;0,1;3;0,994220587330189;0,110468954147799;1;1;117,318029304962;13,0353365894403;118;118;0,320231886005868;0,0355813206673187;0,322093396663407;0,322093396663407;0,0355813206673187;0,355813206673187;1
Commerce;Grand commerce alimentaire;Supermarché;03;16;93;031693;1406;<5000m2;commerces;P>=30kW;1;0,1;3;0,288025603413839;0,0320028448237599;1;1;404,963998399858;44,9959998222064;1406;1406;0,124147444671481;0,0137941605190534;0,431029197404733;0,431029197404733;0,0137941605190534;0,137941605190534;1
Commerce;Petit commerce alimentaire;Petit boulangerie;03;23;63;032363;63;<5000m2;commerces;P<30kW;1;0,2;3;1,20948631362953;0,302371578407382;1;1;76,1976377586602;19,0494094396651;63;63;0,344400699234448;0,0861001748086121;0,28474956297847;0,28474956297847;0,0861001748086121;0,43050087404306;1
Commerce;Petit commerce alimentaire;Petit librairie;03;23;73;032373;62;<5000m2;commerces;P<30kW;1;0,2;3;1,21920121920183;0,304800304800457;1;1;75,5904755905134;18,8976188976284;62;62;0,34597068443295;0,0864926711082374;0,283768322229406;0,283768322229406;0,0864926711082374;0,432463355541187;1
Commerce;Petit commerce alimentaire;Petit poissonnerie;03;23;75;032375;63;<5000m2;commerces;P<30kW;1;0,2;3;1,20948631362953;0,302371578407382;1;1;76,1976377586602;19,0494094396651;63;63;0,344400699234448;0,0861001748086121;0,28474956297847;0,28474956297847;0,0861001748086121;0,43050087404306;1
Commerce;Process;Grand librairie;03;24;26;032426;184;<5000m2;autres secteurs;P<30kW;3;0,1;3;1,37903557982917;0,153226175536575;0,333333333333333;0,333333333333333;253,742546688568;28,1936162987298;61,3333333333333;61,3333333333333;0,627139822293335;0,0696822024770373;0,151588987614814;0,151588987614814;0,0696822024770373;0,696822024770373;1
Commerce;Process;Grand process;03;24;28;032428;1294;<5000m2;autres secteurs;P>=30kW;3;0,1;3;0,520016644603426;0,0577796271781584;0,333333333333333;0,333333333333333;672,901538116833;74,766837568537;431,333333333333;431,333333333333;0,41786430799767;0,0464293675552967;0,267853162223516;0,267853162223516;0,0464293675552967;0,464293675552967;1
Commerce;Process;Petit process;03;24;76;032476;83;<5000m2;autres secteurs;P<30kW;1;0,2;3;1,05373689590103;0,263434223975257;1;1;87,4601623597853;21,8650405899463;83;83;0,317661301699843;0,0794153254249608;0,301461686437598;0,301461686437598;0,0794153254249608;0,397076627124804;1
Enseignement Recherche;Enseignement primaire;Cantine élémentaire;04;09;03;040903;75;<5000m2;enseignement;P<30kW;1;0,3;3;0,969948452238571;0,415692193816531;1;1;72,7461339178928;31,1769145362398;75;75;0,286488896383242;0,122780955592818;0,29536507401197;0,29536507401197;0,122780955592818;0,409269851976059;1
Enseignement Recherche;Enseignement primaire;Cantine préélémentaire;04;09;06;040906;97;<5000m2;enseignement;P<30kW;1;0,3;3;0,85289077871224;0,365524619448103;1;1;82,7304055350873;35,455888086466;97;97;0,265003324058092;0,113572853167754;0,310711911387077;0,310711911387077;0,113572853167754;0,378576177225846;1
Enseignement Recherche;Enseignement primaire;Elémentaire;04;09;11;040911;897;<5000m2;enseignement;P>=30kW;2;0,3;3;0,396641418305904;0,169989179273959;0,5;0,5;355,787352220396;152,480293808741;448,5;448,5;0,253181202332341;0,108506229571003;0,319156284048328;0,319156284048328;0,108506229571003;0,361687431903345;1
Enseignement Recherche;Enseignement primaire;Préélémentaire;04;09;86;040986;1190;<5000m2;enseignement;P>=30kW;2;0,3;3;0,344366425910131;0,147585611104342;0,5;0,5;409,796046833056;175,626877214167;595;595;0,230816016444629;0,0989211499048412;0,335131416825265;0,335131416825265;0,0989211499048412;0,329737166349471;1
Enseignement Recherche;Enseignement secondaire;Cantine collége;04;10;02;041002;261;<5000m2;enseignement;P>=30kW;1;0,3;3;0,519946946895745;0,222834405812462;1;1;135,70615313979;58,1597799170527;261;261;0,189569229199532;0,0812439553712281;0,36459340771462;0,36459340771462;0,0812439553712281;0,27081318457076;1
Enseignement Recherche;Enseignement secondaire;Cantine LEGT;04;10;04;041004;385;<5000m2;enseignement;P>=30kW;1;0,3;3;0,428103640807606;0,183472988917545;1;1;164,819901710928;70,6371007332549;385;385;0,163925360617376;0,0702537259788752;0,382910456701875;0,382910456701875;0,0702537259788752;0,234179086596251;1
Enseignement Recherche;Enseignement secondaire;Cantine LP;04;10;05;041005;124;<5000m2;enseignement;P<30kW;1;0,3;3;0,754342268512455;0,323289543648195;1;1;93,5384412955444;40,0879034123762;124;124;0,24510478008832;0,105044905752137;0,324925157079771;0,324925157079771;0,105044905752137;0,350149685840457;1
Enseignement Recherche;Enseignement secondaire;Collège;04;10;08;041008;6222;5000<S<10000;enseignement;P>=30kW;2;0,3;3;0,150601494112541;0,0645434974768031;0,5;0,5;937,042496368228;401,589641300669;3111;3111;0,123937057021946;0,053115881580834;0,41147353069861;0,41147353069861;0,053115881580834;0,17705293860278;1
Enseignement Recherche;Enseignement secondaire;Internat college;04;10;46;041046;129;<5000m2;enseignement;P<30kW;3;0,3;3;1,28098799079388;0,548994853197377;0,333333333333333;0,333333333333333;165,24745081241;70,8203360624616;43;43;0,513082827735925;0,219892640458253;0,133512265902911;0,133512265902911;0,219892640458253;0,732975468194178;1
Enseignement Recherche;Enseignement secondaire;Internat LEGT;04;10;47;041047;299;<5000m2;enseignement;P>=30kW;3;0,3;3;0,841403509750664;0,360601504178856;0,333333333333333;0,333333333333333;251,579649415448;107,819849749478;99,6666666666667;99,6666666666667;0,450268240530204;0,192972103084373;0,178379828192712;0,178379828192712;0,192972103084373;0,643240343614577;1
Enseignement Recherche;Enseignement secondaire;Internat LP;04;10;48;041048;259;<5000m2;enseignement;P>=30kW;3;0,3;3;0,904044964201061;0,387447841800455;0,333333333333333;0,333333333333333;234,147645728075;100,348991026318;86,3333333333333;86,3333333333333;0,461680969716533;0,197863272735657;0,170227878773905;0,170227878773905;0,197863272735657;0,65954424245219;1
Enseignement Recherche;Enseignement secondaire;Lycée d’enseignement général et technologique (LEGT);04;10;49;041049;10257;5000<S<10000;enseignement;P>=30kW;3;0,3;3;0,143657973455124;0,0615677029093389;0,333333333333333;0,333333333333333;1473,49983372921;631,499928741089;3419;3419;0,164765724350437;0,0706138818644731;0,382310196892545;0,382310196892545;0,0706138818644731;0,23537960621491;1
Enseignement Recherche;Enseignement secondaire;Lycée professionnel (LP);04;10;50;041050;6850;5000<S<10000;enseignement;P>=30kW;3;0,3;3;0,175790186816619;0,0753386514928368;0,333333333333333;0,333333333333333;1204,16277969384;516,069762725932;2283,33333333333;2283,33333333333;0,191535244903158;0,0820865335299249;0,363189110783459;0,363189110783459;0,0820865335299249;0,273621778433083;1
Enseignement Recherche;Enseignement supérieur et recherche;école;04;11;10;041110;2927;<5000m2;enseignement;P>=30kW;2;0,3;3;0,219575015801112;0,0941035782004768;0,5;0,5;642,696071249856;275,441173392795;1463,5;1463,5;0,167145157730146;0,0716336390272056;0,380610601621324;0,380610601621324;0,0716336390272056;0,238778796757352;1
Enseignement Recherche;Enseignement supérieur et recherche;R&D en sciences humaines et sociales;04;11;87;041187;785;<5000m2;enseignement;P>=30kW;2;0,5;3;0,302852679075041;0,302852679075041;0,5;0,5;237,739353073907;237,739353073907;392,5;392,5;0,188610368357963;0,188610368357963;0,311389631642037;0,311389631642037;0,188610368357963;0,377220736715925;1
Enseignement Recherche;Enseignement supérieur et recherche;R&D sciences physiques et naturelles;04;11;88;041188;717;<5000m2;enseignement;P>=30kW;2;0,5;3;0,316888639811908;0,316888639811908;0,5;0,5;227,209154745138;227,209154745138;358,5;358,5;0,19396073367165;0,19396073367165;0,30603926632835;0,30603926632835;0,19396073367165;0,3879214673433;1
Enseignement Recherche;Enseignement supérieur et recherche;université;04;11;94;041194;14727;5000<S<10000;enseignement;P>=30kW;3;0,3;3;0,11988994749812;0,051381406070623;0,333333333333333;0,333333333333333;1765,61925680482;756,693967202065;4909;4909;0,143077345344037;0,0613188622903015;0,397801896182831;0,397801896182831;0,0613188622903015;0,204396207634338;1
Habitat Communautaire;Foyer;Foyers;05;14;13;051413;774;<5000m2;enseignement;P>=30kW;3;0,3;3;0,52296115734634;0,224126210291289;0,333333333333333;0,333333333333333;404,771935786067;173,473686765457;258;258;0,36990957737828;0,158532676019263;0,235778873301229;0,235778873301229;0,158532676019263;0,528442253397543;1
Habitat Communautaire;Maison de pré-retraite;Maison de pré-retraite;05;21;51;052151;836;<5000m2;Santé avec hébergement;P>=30kW;3;0,3;3;0,503195530213449;0,215655227234335;0,333333333333333;0,333333333333333;420,671463258443;180,287769967904;278,666666666667;278,666666666667;0,363182390531873;0,155649595942231;0,240584006762948;0,240584006762948;0,155649595942231;0,518831986474104;1
Habitat Communautaire;Maison retraite médicalisée;Maison retraite médicalisée;05;22;52;052252;1119;<5000m2;Santé avec hébergement;P>=30kW;4;0,3;3;0,502220271466999;0,215237259200142;0,25;0,25;561,984483771572;240,850493044959;279,75;279,75;0,412515639204098;0,176792416801756;0,205345971997073;0,205345971997073;0,176792416801756;0,589308056005855;1
Habitat Communautaire;Résidence universitaire;Résidence universitaire;05;25;89;052589;1098;<5000m2;enseignement;P>=30kW;4;0,3;3;0,507000177838104;0,217285790502044;0,25;0,25;556,686195266238;238,579797971245;274,5;274,5;0,414119079160468;0,177479605354486;0,204200657742523;0,204200657742523;0,177479605354486;0,591598684514954;1
Habitat Communautaire;Service à la personne;Résidentiel;05;28;90;052890;483;<5000m2;Santé sans hébergement;P>=30kW;1;0,3;3;0,382213234362364;0,163805671869584;1;1;184,608992197022;79,1181395130093;483;483;0,150121915209196;0,0643379636610842;0,39277006056486;0,39277006056486;0,0643379636610842;0,214459878870281;1
Santé Action Sociale;Cabinet médical;Cabinet médical;06;03;01;060301;136;<5000m2;Santé sans hébergement;P<30kW;4;0,3;3;1,44058811519707;0,617394906513032;0,25;0,25;195,919983666802;83,9657072857723;34;34;0,563173446801843;0,241360048629361;0,0977332522843978;0,0977332522843978;0,241360048629361;0,804533495431204;1
Santé Action Sociale;Centre accueil;Centre accueil;06;05;07;060507;932;<5000m2;Santé avec hébergement;P>=30kW;4;0,3;3;0,550302296947551;0,235843841548951;0,25;0,25;512,881740755118;219,806460323622;233;233;0,427869182572714;0,183372506816878;0,194379155305204;0,194379155305204;0,183372506816878;0,611241689389592;1
Santé Action Sociale;Garderie;Garderie;06;15;14;061514;890;<5000m2;Santé sans hébergement;P>=30kW;3;0,3;3;0,487691189821196;0,20901050992337;0,333333333333333;0,333333333333333;434,045158940864;186,019353831799;296,666666666667;296,666666666667;0,357710507179315;0,153304503076849;0,244492494871918;0,244492494871918;0,153304503076849;0,511015010256164;1
Santé Action Sociale;Hôpital;Hopital bloc;06;17;34;061734;9143;5000<S<10000;Santé sans hébergement;P>=30kW;9;0,3;3;0,263545849414328;0,112948221177569;0,111111111111111;0,111111111111111;2409,5997011952;1032,68558622651;1015,88888888889;1015,88888888889;0,440184863143769;0,188650655633044;0,185582240611593;0,185582240611593;0,188650655633044;0,628835518776813;1
Santé Action Sociale;Hôpital;Hopital maison;06;17;35;061735;5138;5000<S<10000;Santé sans hébergement;P>=30kW;5;0,3;3;0,262039787315285;0,112302765992265;0,2;0,2;1346,36042722593;577,011611668258;1027,6;1027,6;0,338402928001309;0,145029826286276;0,258283622856208;0,258283622856208;0,145029826286276;0,483432754287585;1
Santé Action Sociale;Hôpital;Hopital pavillonnaire;06;17;36;061736;7949;5000<S<10000;Santé sans hébergement;P>=30kW;5;0,3;3;0,210672592546994;0,0902882539487118;0,2;0,2;1674,63643815606;717,70133063831;1589,8;1589,8;0,300548302519611;0,128806415365548;0,285322641057421;0,285322641057421;0,128806415365548;0,429354717885159;1
Sport Loisir Culture;Culture;Grand cinéma;07;08;18;070818;5198;5000<S<10000;Locaux sportifs;P>=30kW;4;0,15;3;0,282951519061631;0,049932621010876;0,25;0,25;1470,78199608236;259,549764014533;1299,5;1299,5;0,3397249454612;0,0599514609637412;0,300161796787529;0,300161796787529;0,0599514609637412;0,399676406424941;1
Sport Loisir Culture;Culture;Grande salle de spectacle;07;08;32;070832;18189;5000<S<10000;Locaux sportifs;P>=30kW;2;0,15;3;0,106957380516295;0,0188748318558167;0,5;0,5;1945,44779421089;343,31431662545;9094,5;9094,5;0,0950029492324946;0,0167652263351461;0,44411591221618;0,44411591221618;0,0167652263351461;0,111768175567641;1
Sport Loisir Culture;Culture;Immeuble péri urbain;07;08;43;070843;142;<5000m2;Locaux sportifs;P<30kW;3;0,5;3;0,872102849600717;0,872102849600717;0,333333333333333;0,333333333333333;123,838604643302;123,838604643302;47,3333333333333;47,3333333333333;0,361737461488009;0,361737461488009;0,138262538511991;0,138262538511991;0,361737461488009;0,723474922976018;1
Sport Loisir Culture;Culture;Musée;07;08;59;070859;3249;<5000m2;Locaux sportifs;P>=30kW;4;0,1;3;0,378947368421053;0,0421052631578947;0,25;0,25;1231,2;136,8;812,25;812,25;0,411428571428571;0,0457142857142857;0,271428571428571;0,271428571428571;0,0457142857142857;0,457142857142857;1
Sport Loisir Culture;Culture;nr;07;08;60;070860;500;<5000m2;Locaux sportifs;P>=30kW;1;0;3;0,53665631459995;0;1;1;268,328157299975;0;500;500;0,211560514331869;0;0,394219742834065;0,394219742834065;0;0,211560514331869;1
Sport Loisir Culture;Culture;Petit cinéma;07;08;65;070865;560;<5000m2;Locaux sportifs;P>=30kW;1;0,3;3;0,354964786985977;0,152127765851133;1;1;198,780280712147;85,1915488766345;560;560;0,141584237320751;0,0606789588517505;0,398868401913749;0,398868401913749;0,0606789588517505;0,202263196172502;1
Sport Loisir Culture;Culture;Petite salle de spectacle;07;08;80;070880;749;<5000m2;Locaux sportifs;P>=30kW;1;0,05;3;0,416546934287866;0,0219235228572561;1;1;311,993653781611;16,4207186200848;749;749;0,17082303911754;0,00899068626934418;0,410093137306558;0,410093137306558;0,00899068626934418;0,179813725386884;1
Sport Loisir Culture;Equipement collectif;Immeuble péri urbain;07;13;43;071343;326;<5000m2;Locaux sportifs;P>=30kW;3;0,5;3;0,575576531451971;0,575576531451971;0,333333333333333;0,333333333333333;187,637949253343;187,637949253343;108,666666666667;108,666666666667;0,316630148792548;0,316630148792548;0,183369851207452;0,183369851207452;0,316630148792548;0,633260297585096;1
Sport Loisir Culture;Loisir;Grand bar café tabac;07;20;16;072016;370;<5000m2;Locaux sportifs;P>=30kW;1;0,3;3;0,436695205724431;0,187155088167613;1;1;161,577226118039;69,2473826220169;370;370;0,166432973230598;0,0713284170988276;0,381119304835287;0,381119304835287;0,0713284170988276;0,237761390329425;1
Sport Loisir Culture;Loisir;nr;07;20;60;072060;300;<5000m2;Locaux sportifs;P>=30kW;1;0;3;0,692820323027551;0;1;1;207,846096908265;0;300;300;0,257284274447472;0;0,371357862776264;0,371357862776264;0;0,257284274447472;1
Sport Loisir Culture;Loisir;Salle non spécialisée;07;20;91;072091;343;<5000m2;Locaux sportifs;P>=30kW;1;0,05;3;0,615542141757884;0,0323969548293623;1;1;211,130954622954;11,1121555064713;343;343;0,232460838148134;0,012234780955165;0,377652190448351;0,377652190448351;0,012234780955165;0,244695619103299;1
Sport Loisir Culture;Loisir;Vestiaire et rangement;07;20;95;072095;140;<5000m2;Locaux sportifs;P<30kW;1;0;3;1,01418510567422;0;1;1;141,985914794391;0;140;140;0,336470744203802;0;0,331764627898099;0,331764627898099;0;0,336470744203802;1
Sport Loisir Culture;Sport;Grand bar café tabac;07;29;16;072916;176;<5000m2;Locaux sportifs;P<30kW;1;0,3;3;0,633173823613304;0,271360210119987;1;1;111,438592955941;47,7593969811178;176;176;0,217994974842648;0,0934264177897063;0,344289303683823;0,344289303683823;0,0934264177897063;0,311421392632354;1
Sport Loisir Culture;Sport;Grande salle multisport;07;29;33;072933;1840;<5000m2;Locaux sportifs;P>=30kW;3;0,03;3;0,470007400496778;0,0145363113555705;0,333333333333333;0,333333333333333;864,813616914072;26,7468128942497;613,333333333333;613,333333333333;0,408272379459803;0,0126269808080351;0,289550319866081;0,289550319866081;0,0126269808080351;0,420899360267838;1
Sport Loisir Culture;Sport;nr;07;29;60;072960;500;<5000m2;Locaux sportifs;P>=30kW;1;0;3;0,53665631459995;0;1;1;268,328157299975;0;500;500;0,211560514331869;0;0,394219742834065;0,394219742834065;0;0,211560514331869;1
Sport Loisir Culture;Sport;Patinoire;07;29;61;072961;1869;<5000m2;Locaux sportifs;P>=30kW;2;0,15;3;0,333664896628902;0,0588820405815709;0,5;0,5;623,619691799417;110,050533846956;934,5;934,5;0,239607648196975;0,0422837026229956;0,359054324590015;0,359054324590015;0,0422837026229956;0,28189135081997;1
Sport Loisir Culture;Sport;Petite salle multisport;07;29;81;072981;430;<5000m2;Locaux sportifs;P>=30kW;1;0,05;3;0,54975681727427;0,0289345693302247;1;1;236,395431427936;12,4418648119966;430;430;0,213192171862863;0,0112206406243612;0,387793593756388;0,387793593756388;0,0112206406243612;0,224412812487224;1
Sport Loisir Culture;Sport;Piscine;07;29;82;072982;476;<5000m2;Locaux sportifs;P>=30kW;2;0,15;3;0,661167798023208;0,11667667023939;0,5;0,5;314,715871859047;55,5380950339495;238;238;0,371892935420462;0,0656281650741992;0,281239449752669;0,281239449752669;0,0656281650741992;0,437521100494661;1
Sport Loisir Culture;Sport;Salle non spécialisée;07;29;91;072991;324;<5000m2;Locaux sportifs;P>=30kW;1;0,05;3;0,633333333333333;0,0333333333333333;1;1;205,2;10,8;324;324;0,2375;0,0125;0,375;0,375;0,0125;0,25;1
Sport Loisir Culture;Sport;Vestiaire et rangement;07;29;95;072995;126;<5000m2;Locaux sportifs;P<30kW;1;0;3;1,0690449676497;0;1;1;134,699665923862;0;126;126;0,348331477354788;0;0,325834261322606;0,325834261322606;0;0,348331477354788;1
Transport;Service;nr;08;27;60;082760;364;<5000m2;autres secteurs;P>=30kW;1;0,1;3;0,566073811829836;0,0628970902033151;1;1;206,05086750606;22,8945408340067;364;364;0,215321444368994;0,0239246049298883;0,380376975350559;0,380376975350559;0,0239246049298883;0,239246049298883;1
Transport;Transport aérien;nr;08;30;60;083060;2096;<5000m2;autres secteurs;P>=30kW;1;0,1;3;0,23590009529848;0,0262111216998311;1;1;494,446599745615;54,9385110828461;2096;2096;0,104283155278062;0,011587017253118;0,44206491373441;0,44206491373441;0,011587017253118;0,11587017253118;1
Transport;Transport autre;nr;08;31;60;083160;432;<5000m2;autres secteurs;P>=30kW;1;0,1;3;0,519615242270663;0,0577350269189626;1;1;224,473784660926;24,9415316289918;432;432;0,201608313965816;0,0224009237739796;0,387995381130102;0,387995381130102;0,0224009237739796;0,224009237739796;1
Transport;Transport ferroviaire;nr;08;32;60;083260;1698;<5000m2;autres secteurs;P>=30kW;1;0,1;3;0,262092692582797;0,0291214102869774;1;1;445,033392005589;49,4481546672876;1698;1698;0,114390310470995;0,0127100344967773;0,436449827516114;0,436449827516114;0,0127100344967773;0,127100344967773;1
Transport;Transport maritime et fluvial;nr;08;33;60;083360;250;<5000m2;autres secteurs;P>=30kW;1;0,1;3;0,68305197459637;0,0758946638440411;1;1;170,762993649092;18,9736659610103;250;250;0,247577087965169;0,0275085653294633;0,362457173352684;0,362457173352684;0,0275085653294633;0,275085653294633;1
Transport;Transport routier;nr;08;34;60;083460;172;<5000m2;autres secteurs;P<30kW;1;0,1;3;0,823492279796065;0,0914991421995628;1;1;141,640672124923;15,7378524583248;172;172;0,282502471047512;0,0313891634497235;0,343054182751382;0,343054182751382;0,0313891634497235;0,313891634497235;1
Transport;Transport urbain;nr;08;35;60;083560;2400;<5000m2;autres secteurs;P>=30kW;1;0,1;3;0,220454076850486;0,0244948974278318;1;1;529,089784441166;58,7877538267963;2400;2400;0,098200039010399;0,0109111154455999;0,445444422772001;0,445444422772001;0,0109111154455999;0,109111154455999;1
