COD_BRANCHE;ANNEE;COD_PERIODE_SIMPLE;USAGE;COD_ENERGIE;CONSO_TOT
01;2009;01;Autre;01;49956195.73529998
01;2009;01;Autre;02;1269740339.11
01;2009;01;Autre;04;3011103.5675
01;2009;01;Bureautique;02;1957516822.3700004
01;2009;01;Cuisson;01;16654787.1853
01;2009;01;Cuisson;02;130330896.15300001
01;2009;01;Cuisson;03;4543690.452799999
01;2009;01;Cuisson;04;73149912.04910001
01;2009;01;Froid_alimentaire;02;34917866.885
01;2009;01;Process;02;28040103.851800002
01;2009;02;Autre;01;37628683.98679999
01;2009;02;Autre;02;956177329.02
01;2009;02;Autre;04;2258305.3192
01;2009;02;Bureautique;02;1474106423.2099998
01;2009;02;Cuisson;01;12765483.398999998
01;2009;02;Cuisson;02;98145593.51099999
01;2009;02;Cuisson;03;3421622.9907
01;2009;02;Cuisson;04;54861890.24909999
01;2009;02;Froid_alimentaire;02;26294875.7679
01;2009;02;Process;02;21115582.5994
01;2009;03;Autre;01;107833898.026
01;2009;03;Autre;02;2732729728.01
01;2009;03;Autre;04;6162081.398500001
01;2009;03;Bureautique;02;4212958255.55
01;2009;03;Cuisson;01;43579403.9487
01;2009;03;Cuisson;02;280497568.06200004
01;2009;03;Cuisson;03;9778908.989400003
01;2009;03;Cuisson;04;149697854.274
01;2009;03;Froid_alimentaire;02;75150062.709
01;2009;03;Process;02;60347780.573
01;2010;01;Autre;01;49884255.6777
01;2010;01;Autre;02;1267911863.8600001
01;2010;01;Autre;04;3006767.530000001
01;2010;01;Bureautique;02;1974273333.7800002
01;2010;01;Cuisson;01;15936854.1252
01;2010;01;Cuisson;02;134074409.479
01;2010;01;Cuisson;03;4347827.079599999
01;2010;01;Cuisson;04;69996660.59739996
01;2010;01;Froid_alimentaire;02;34634799.32040001
01;2010;01;Process;02;27999726.877699997
01;2010;02;Autre;01;37574497.645799994
01;2010;02;Autre;02;954800482.5400001
01;2010;02;Autre;04;2255053.3514
01;2010;02;Bureautique;02;1486724853.2800002
01;2010;02;Cuisson;01;12215205.538200004
01;2010;02;Cuisson;02;100964641.45699996
01;2010;02;Cuisson;03;3274128.1525
01;2010;02;Cuisson;04;52496983.53320001
01;2010;02;Froid_alimentaire;02;26081712.539300002
01;2010;02;Process;02;21085175.906299993
01;2010;03;Autre;01;107678614.24700001
01;2010;03;Autre;02;2728794612.67
01;2010;03;Autre;04;6153208.396299998
01;2010;03;Bureautique;02;4249021025.3900003
01;2010;03;Cuisson;01;41700839.956
01;2010;03;Cuisson;02;288554323.8
01;2010;03;Cuisson;03;9357372.665000001
01;2010;03;Cuisson;04;143244894.801
01;2010;03;Froid_alimentaire;02;74540846.06579998
01;2010;03;Process;02;60260880.642999984
01;2010;04;Autre;01;2924087.7834
01;2010;04;Autre;02;72428038.1588
01;2010;04;Autre;04;171051.6068
01;2010;04;Bureautique;02;124066570.4388
01;2010;04;Cuisson;01;619541.746
01;2010;04;Cuisson;02;4216627.983
01;2010;04;Cuisson;04;2356901.535599999
01;2010;04;Froid_alimentaire;02;1549155.5554999998
01;2010;04;Process;02;1599452.8134999997
01;2011;01;Autre;01;49812408.71469999
01;2011;01;Autre;02;1266085799.36
01;2011;01;Autre;04;3002437.2187000006
01;2011;01;Bureautique;02;1991172624.1100001
01;2011;01;Cuisson;01;15249866.4176
01;2011;01;Cuisson;02;137643043.19099998
01;2011;01;Cuisson;03;4160405.7685
01;2011;01;Cuisson;04;66979329.26240001
01;2011;01;Froid_alimentaire;02;34354020.30639999
01;2011;01;Process;02;27959402.453099992
01;2011;02;Autre;01;37520389.6249
01;2011;02;Autre;02;953425484.8800001
01;2011;02;Autre;04;2251806.002600001
01;2011;02;Bureautique;02;1499451255.5700002
01;2011;02;Cuisson;01;11688647.9159
01;2011;02;Cuisson;02;103652004.60800001
01;2011;02;Cuisson;03;3132991.3454
01;2011;02;Cuisson;04;50234013.59340001
01;2011;02;Froid_alimentaire;02;25870276.148599997
01;2011;02;Process;02;21054812.035400003
01;2011;03;Autre;01;107523547.82800002
01;2011;03;Autre;02;2724864873.22
01;2011;03;Autre;04;6144346.6902
01;2011;03;Bureautique;02;4285392226.2999997
01;2011;03;Cuisson;01;39903250.44479999
01;2011;03;Cuisson;02;296234710.182
01;2011;03;Cuisson;03;8954006.4863
01;2011;03;Cuisson;04;137070077.19899997
01;2011;03;Froid_alimentaire;02;73936559.28790002
01;2011;03;Process;02;60174098.933000006
01;2011;04;Autre;01;5891920.6071
01;2011;04;Autre;02;145939641.36699998
01;2011;04;Autre;04;344662.2179
01;2011;04;Bureautique;02;251229885.94300002
01;2011;04;Cuisson;01;1222537.8861999998
01;2011;04;Cuisson;02;8620354.5495
01;2011;04;Cuisson;04;4650858.890399999
01;2011;04;Froid_alimentaire;02;3111159.2665
01;2011;04;Process;02;3222833.8608
01;2012;01;Autre;01;49740673.00539999
01;2012;01;Autre;02;1264262507.12
01;2012;01;Autre;04;2998113.1299
01;2012;01;Bureautique;02;2008216592.2899997
01;2012;01;Cuisson;01;14592492.6657
01;2012;01;Cuisson;02;141044376.401
01;2012;01;Cuisson;03;3981063.6855000015
01;2012;01;Cuisson;04;64092058.39739999
01;2012;01;Froid_alimentaire;02;34075517.21230001
01;2012;01;Process;02;27919134.336000007
01;2012;02;Autre;01;37466360.33410001
01;2012;02;Autre;02;952052471.74
01;2012;02;Autre;04;2248563.550699999
01;2012;02;Bureautique;02;1512286415.19
01;2012;02;Cuisson;01;11184788.571599998
01;2012;02;Cuisson;02;106213406.30499999
01;2012;02;Cuisson;03;2997938.364599999
01;2012;02;Cuisson;04;48068594.9315
01;2012;02;Froid_alimentaire;02;25660553.805599995
01;2012;02;Process;02;21024493.144700002
01;2012;03;Autre;01;107368690.36900003
01;2012;03;Autre;02;2720940596.09
01;2012;03;Autre;04;6135497.740999999
01;2012;03;Bureautique;02;4322074672.9
01;2012;03;Cuisson;01;38183149.7865
01;2012;03;Cuisson;02;303555040.4420001
01;2012;03;Cuisson;03;8568027.415
01;2012;03;Cuisson;04;131161419.48000002
01;2012;03;Froid_alimentaire;02;73337171.11640002
01;2012;03;Process;02;60087434.23700001
01;2012;04;Autre;01;8904221.4934
01;2012;04;Autre;02;220552700.10200003
01;2012;04;Autre;04;520874.0826
01;2012;04;Bureautique;02;382185887.062
01;2012;04;Cuisson;01;1796633.0369
01;2012;04;Cuisson;02;13272320.912299998
01;2012;04;Cuisson;04;6834870.2673
01;2012;04;Froid_alimentaire;02;4681028.0551
01;2012;04;Process;02;4870538.6047
01;2013;01;Autre;01;49669039.5058
01;2013;01;Autre;02;1262441844.74
01;2013;01;Autre;04;2993795.680899999
01;2013;01;Bureautique;02;2025406734.9600003
01;2013;01;Cuisson;01;13963457.398999998
01;2013;01;Cuisson;02;144285662.95400003
01;2013;01;Cuisson;03;3809452.8213000004
01;2013;01;Cuisson;04;61329255.84620001
01;2013;01;Froid_alimentaire;02;33799274.8361
01;2013;01;Process;02;27878927.384399995
01;2013;02;Autre;01;37412406.243099995
01;2013;02;Autre;02;950681551.3100002
01;2013;02;Autre;04;2245325.4915999994
01;2013;02;Bureautique;02;1525231431.56
01;2013;02;Cuisson;01;10702647.932799999
01;2013;02;Cuisson;02;108654263.28200002
01;2013;02;Cuisson;03;2868707.1333000003
01;2013;02;Cuisson;04;45996518.073
01;2013;02;Froid_alimentaire;02;25452530.948000003
01;2013;02;Process;02;20994217.223
01;2013;03;Autre;01;107214065.15499999
01;2013;03;Autre;02;2717021987.9700003
01;2013;03;Autre;04;6126661.595099999
01;2013;03;Bureautique;02;4359071206.16
01;2013;03;Cuisson;01;36537196.300400004
01;2013;03;Cuisson;02;310530919.555
01;2013;03;Cuisson;03;8198687.167900001
01;2013;03;Cuisson;04;125507478.067
01;2013;03;Froid_alimentaire;02;72742640.57949999
01;2013;03;Process;02;60000900.34700001
01;2013;04;Autre;01;11961726.014700001
01;2013;04;Autre;02;296285413.64699996
01;2013;04;Autre;04;699730.2221000001
01;2013;04;Bureautique;02;517241586.99899995
01;2013;04;Cuisson;01;2338695.8035999993
01;2013;04;Cuisson;02;18189376.1619
01;2013;04;Cuisson;04;8897021.380900001
01;2013;04;Froid_alimentaire;02;6257178.359199999
01;2013;04;Process;02;6542969.628000001
02;2009;01;Autre;01;11274035.135600002
02;2009;01;Autre;02;12091658.370499998
02;2009;01;Autre;03;26245329.696400005
02;2009;01;Autre;04;39479799.516
02;2009;01;Bureautique;02;36274972.6738
02;2009;01;Cuisson;01;197150571.671
02;2009;01;Cuisson;02;614440562.71
02;2009;01;Cuisson;03;10434316.602599999
02;2009;01;Cuisson;04;400914414.7900001
02;2009;01;Froid_alimentaire;02;181374882.33999997
02;2009;01;Process;02;24183314.4396
02;2009;02;Autre;01;6255771.900900001
02;2009;02;Autre;02;6309034.866599999
02;2009;02;Autre;03;13693962.665
02;2009;02;Autre;04;20225934.237
02;2009;02;Bureautique;02;18927105.814999998
02;2009;02;Cuisson;01;97795105.695
02;2009;02;Cuisson;02;297260805.91999996
02;2009;02;Cuisson;03;5482987.443999999
02;2009;02;Cuisson;04;171839704.22
02;2009;02;Froid_alimentaire;02;94635528.93
02;2009;02;Process;02;12618070.124000002
02;2009;03;Autre;01;42506273.48929999
02;2009;03;Autre;02;46887666.142799996
02;2009;03;Autre;03;101771196.05140002
02;2009;03;Autre;04;154301241.4164
02;2009;03;Bureautique;02;140662998.2203
02;2009;03;Cuisson;01;737328808.6915996
02;2009;03;Cuisson;02;2408019309.5198994
02;2009;03;Cuisson;03;40350161.422999986
02;2009;03;Cuisson;04;1613651139.253
02;2009;03;Froid_alimentaire;02;703315024.743
02;2009;03;Process;02;93775341.70480002
02;2010;01;Autre;01;11252388.206400001
02;2010;01;Autre;02;12068440.903399996
02;2010;01;Autre;03;26194938.51179999
02;2010;01;Autre;04;39404000.736999996
02;2010;01;Bureautique;02;36568075.221300006
02;2010;01;Cuisson;01;188557452.56099996
02;2010;01;Cuisson;02;638615000.5600001
02;2010;01;Cuisson;03;9979519.3244
02;2010;01;Cuisson;04;383439845.96999997
02;2010;01;Froid_alimentaire;02;179817459.27860004
02;2010;01;Process;02;24136882.524800003
02;2010;02;Autre;01;6243760.4638
02;2010;02;Autre;02;6296921.5806
02;2010;02;Autre;03;13667670.758000003
02;2010;02;Autre;04;20187099.995999996
02;2010;02;Bureautique;02;19080036.946000002
02;2010;02;Cuisson;01;93532548.98800004
02;2010;02;Cuisson;02;308153291.75
02;2010;02;Cuisson;03;5244002.362600001
02;2010;02;Cuisson;04;164349783
02;2010;02;Froid_alimentaire;02;93822920.33999999
02;2010;02;Process;02;12593842.676999995
02;2010;03;Autre;01;42424660.57840001
02;2010;03;Autre;02;46797645.4944
02;2010;03;Autre;03;101575807.3302
02;2010;03;Autre;04;154004981.8479
02;2010;03;Bureautique;02;141799556.34489995
02;2010;03;Cuisson;01;705191040.2698
02;2010;03;Cuisson;02;2503034616.3151
02;2010;03;Cuisson;03;38591433.6335
02;2010;03;Cuisson;04;1543317535.256
02;2010;03;Froid_alimentaire;02;697275931.6546
02;2010;03;Process;02;93595293.56889999
02;2010;04;Autre;01;504014.72880000016
02;2010;04;Autre;02;534988.5956000001
02;2010;04;Autre;03;1189573.6827000002
02;2010;04;Autre;04;1796410.8494000004
02;2010;04;Bureautique;02;1783295.2588000007
02;2010;04;Cuisson;01;4875869.884699999
02;2010;04;Cuisson;02;15305591.871500002
02;2010;04;Cuisson;04;10326372.331299998
02;2010;04;Froid_alimentaire;02;6241533.528399998
02;2010;04;Process;02;1069977.1874999998
02;2011;01;Autre;01;11230760.329800002
02;2011;01;Autre;02;12045249.972299999
02;2011;01;Autre;03;26144601.4537
02;2011;01;Autre;04;39328290.196
02;2011;01;Bureautique;02;36863485.2138
02;2011;01;Cuisson;01;180338622.04599997
02;2011;01;Cuisson;02;661637204.8900001
02;2011;01;Cuisson;03;9544527.587799998
02;2011;01;Cuisson;04;366726548.14
02;2011;01;Froid_alimentaire;02;178273125.4149
02;2011;01;Process;02;24090500.787499998
02;2011;02;Autre;01;6231742.738399999
02;2011;02;Autre;02;6284808.5053
02;2011;02;Autre;03;13641379.088000003
02;2011;02;Autre;04;20148274.397
02;2011;02;Bureautique;02;19234134.497
02;2011;02;Cuisson;01;89455463.26799998
02;2011;02;Cuisson;02;318524470.62
02;2011;02;Cuisson;03;5015412.0404
02;2011;02;Cuisson;04;157185856.23
02;2011;02;Froid_alimentaire;02;93016952.3423
02;2011;02;Process;02;12569615.665
02;2011;03;Autre;01;42343191.00950001
02;2011;03;Autre;02;46707780.3874
02;2011;03;Autre;03;101380749.07020003
02;2011;03;Autre;04;153709259.32269996
02;2011;03;Bureautique;02;142945267.99760002
02;2011;03;Cuisson;01;674454144.1701999
02;2011;03;Cuisson;02;2593524330.5147
02;2011;03;Cuisson;03;36909349.0302
02;2011;03;Cuisson;04;1476049217.419
02;2011;03;Froid_alimentaire;02;691288508.4112002
02;2011;03;Process;02;93415575.2414
02;2011;04;Autre;01;1011732.9934999999
02;2011;04;Autre;02;1073908.2850000001
02;2011;04;Autre;03;2387888.5384
02;2011;04;Autre;04;3606021.6336000003
02;2011;04;Bureautique;02;3597527.0839000004
02;2011;04;Cuisson;01;9584405.355800001
02;2011;04;Cuisson;02;31357076.300600007
02;2011;04;Cuisson;04;20298358.385199998
02;2011;04;Froid_alimentaire;02;12487318.847
02;2011;04;Process;02;2147816.6068
02;2012;01;Autre;01;11209180.528599998
02;2012;01;Autre;02;12022106.0803
02;2012;01;Autre;03;26094366.495199997
02;2012;01;Autre;04;39252722.569
02;2012;01;Bureautique;02;37161287.2155
02;2012;01;Cuisson;01;172478080.78299996
02;2012;01;Cuisson;02;683558311.59
02;2012;01;Cuisson;03;9128498.264099997
02;2012;01;Cuisson;04;350741898.16
02;2012;01;Froid_alimentaire;02;176742100.0352
02;2012;01;Process;02;24044211.237700008
02;2012;02;Autre;01;6219746.061499999
02;2012;02;Autre;02;6272718.0255
02;2012;02;Autre;03;13615137.387000004
02;2012;02;Autre;04;20109524.278
02;2012;02;Bureautique;02;19389475.02
02;2012;02;Cuisson;01;85556077.77
02;2012;02;Cuisson;02;328397679.93000007
02;2012;02;Cuisson;03;4796786.4
02;2012;02;Cuisson;04;150334187.07
02;2012;02;Froid_alimentaire;02;92217895.27479999
02;2012;02;Process;02;12545435.813000001
02;2012;03;Autre;01;42261879.857900016
02;2012;03;Autre;02;46618084.396000005
02;2012;03;Autre;03;101186075.25960001
02;2012;03;Autre;04;153414116.42779997
02;2012;03;Bureautique;02;144100243.25739998
02;2012;03;Cuisson;01;645056897.1404
02;2012;03;Cuisson;02;2679686746.0631995
02;2012;03;Cuisson;03;35300582.4059
02;2012;03;Cuisson;04;1411713121.9180002
02;2012;03;Froid_alimentaire;02;685352477.7685002
02;2012;03;Process;02;93236195.55659999
02;2012;04;Autre;01;1523190.4818000004
02;2012;04;Autre;02;1616796.9584999997
02;2012;04;Autre;03;3595028.635100001
02;2012;04;Autre;04;5428960.3886
02;2012;04;Bureautique;02;5452146.55
02;2012;04;Cuisson;01;14030226.266000004
02;2012;04;Cuisson;02;48454016.1733
02;2012;04;Cuisson;04;29713945.9322
02;2012;04;Froid_alimentaire;02;18716740.134000007
02;2012;04;Process;02;3233594.1258
02;2013;01;Autre;01;11187636.565000001
02;2013;01;Autre;02;11999005.741999999
02;2013;01;Autre;03;26044224.1519
02;2013;01;Autre;04;39177301.353
02;2013;01;Bureautique;02;37461492.7043
02;2013;01;Cuisson;01;164960114.76400003
02;2013;01;Cuisson;02;704426300.9100001
02;2013;01;Cuisson;03;8730601.937600002
02;2013;01;Cuisson;04;335453828.71
02;2013;01;Froid_alimentaire;02;175224195.00489998
02;2013;01;Process;02;23998008.685
02;2013;02;Autre;01;6207764.024600001
02;2013;02;Autre;02;6260639.6208
02;2013;02;Autre;03;13588917.704999998
02;2013;02;Autre;04;20070803.753999997
02;2013;02;Bureautique;02;19546033.028000005
02;2013;02;Cuisson;01;81826564.54299998
02;2013;02;Cuisson;02;337794362.31999993
02;2013;02;Cuisson;03;4587680.214299999
02;2013;02;Cuisson;04;143780838.32999998
02;2013;02;Froid_alimentaire;02;91425525.52689998
02;2013;02;Process;02;12521277.87
02;2013;03;Autre;01;42180724.727900006
02;2013;03;Autre;02;46528565.48839999
02;2013;03;Autre;03;100991767.0318
02;2013;03;Autre;04;153119532.44539997
02;2013;03;Bureautique;02;145264547.98470002
02;2013;03;Cuisson;01;616940959.9366001
02;2013;03;Cuisson;02;2761711440.7072005
02;2013;03;Cuisson;03;33761937.1075
02;2013;03;Cuisson;04;1350181195.133
02;2013;03;Froid_alimentaire;02;679467399.5856001
02;2013;03;Process;02;93057161.54159999
02;2013;04;Autre;01;2038423.8227
02;2013;04;Autre;02;2163693.4036999997
02;2013;04;Autre;03;4811080.9607
02;2013;04;Autre;04;7265356.101700002
02;2013;04;Bureautique;02;7350907.1578
02;2013;04;Cuisson;01;18191487.2958
02;2013;04;Cuisson;02;66666712.6424
02;2013;04;Cuisson;04;38526888.703
02;2013;04;Froid_alimentaire;02;24923067.182000004
02;2013;04;Process;02;4327387.4799999995
03;2009;01;Autre;01;174346363.99
03;2009;01;Autre;02;43093232.5942
03;2009;01;Autre;03;460929022.13000005
03;2009;01;Autre;04;466371013.3999999
03;2009;01;Bureautique;02;146822512.84789997
03;2009;01;Cuisson;01;32301799.289799996
03;2009;01;Cuisson;02;167068869.09939998
03;2009;01;Cuisson;03;3384417.0683
03;2009;01;Cuisson;04;63138795.3711
03;2009;01;Froid_alimentaire;02;1270211451.372
03;2009;01;Process;02;391547100.0976001
03;2009;02;Autre;01;172171765.51000002
03;2009;02;Autre;02;41165409.096
03;2009;02;Autre;03;440456067.88
03;2009;02;Autre;04;446906930.71
03;2009;02;Bureautique;02;145445886.807
03;2009;02;Cuisson;01;32317436.9764
03;2009;02;Cuisson;02;159552569.8165
03;2009;02;Cuisson;03;3281875.3920000005
03;2009;02;Cuisson;04;64033637.442300014
03;2009;02;Froid_alimentaire;02;1305994331.3708997
03;2009;02;Process;02;387860785.153
03;2009;03;Autre;01;472139700.26
03;2009;03;Autre;02;111892167.5942
03;2009;03;Autre;03;1188059664.95
03;2009;03;Autre;04;1124090402.5
03;2009;03;Bureautique;02;334272525.7836001
03;2009;03;Cuisson;01;78483322.8567
03;2009;03;Cuisson;02;430367622.6739
03;2009;03;Cuisson;03;8346857.326099998
03;2009;03;Cuisson;04;125148127.78119999
03;2009;03;Froid_alimentaire;02;2551343848.844799
03;2009;03;Process;02;891580170.3690002
03;2010;01;Autre;01;173807027.14000002
03;2010;01;Autre;02;42959928.4832
03;2010;01;Autre;03;459503219.73
03;2010;01;Autre;04;464928292.38000005
03;2010;01;Bureautique;02;147836559.2621
03;2010;01;Cuisson;01;30855970.61290001
03;2010;01;Cuisson;02;170669781.5701
03;2010;01;Cuisson;03;3232930.6637999993
03;2010;01;Cuisson;04;60312705.221
03;2010;01;Froid_alimentaire;02;1252501851.8593001
03;2010;01;Process;02;390335862.5584
03;2010;02;Autre;01;171639170.72999996
03;2010;02;Autre;02;41038067.616000004
03;2010;02;Autre;03;439093589.26000005
03;2010;02;Autre;04;445524438.66
03;2010;02;Bureautique;02;146450430.72500002
03;2010;02;Cuisson;01;30870908.469000004
03;2010;02;Cuisson;02;163210390.9117
03;2010;02;Cuisson;03;3134978.4662
03;2010;02;Cuisson;04;61167495.70400001
03;2010;02;Froid_alimentaire;02;1287648393.5079997
03;2010;02;Process;02;386661049.285
03;2010;03;Autre;01;470679262.5799999
03;2010;03;Autre;02;111546038.7902
03;2010;03;Autre;03;1184384590.77
03;2010;03;Autre;04;1120613220.92
03;2010;03;Bureautique;02;336581244.90849996
03;2010;03;Cuisson;01;74970409.02389997
03;2010;03;Cuisson;02;437868802.89519995
03;2010;03;Cuisson;03;7973251.800900003
03;2010;03;Cuisson;04;119546508.90370001
03;2010;03;Froid_alimentaire;02;2516964404.7099996
03;2010;03;Process;02;888822248.5112002
03;2010;04;Autre;01;6203629.383400001
03;2010;04;Autre;02;1450941.655
03;2010;04;Autre;03;15833322.336300002
03;2010;04;Autre;04;15438567.0418
03;2010;04;Bureautique;02;5244115.783900003
03;2010;04;Cuisson;01;616874.6494999998
03;2010;04;Cuisson;02;3185325.6236
03;2010;04;Cuisson;04;1087635.6849
03;2010;04;Froid_alimentaire;02;29976637.1487
03;2010;04;Process;02;12587420.7686
03;2011;01;Autre;01;173269346.97
03;2011;01;Autre;02;42827028.082399994
03;2011;01;Autre;03;458081700.2099999
03;2011;01;Autre;04;463490057.68
03;2011;01;Bureautique;02;148857600.82700002
03;2011;01;Cuisson;01;29474851.817799993
03;2011;01;Cuisson;02;174075222.2419
03;2011;01;Cuisson;03;3088224.4477
03;2011;01;Cuisson;04;57613104.3507
03;2011;01;Froid_alimentaire;02;1235043281.0292
03;2011;01;Process;02;389128357.345
03;2011;02;Autre;01;171108197.45
03;2011;02;Autre;02;40911116.356
03;2011;02;Autre;03;437735246.35
03;2011;02;Autre;04;444146208.66999996
03;2011;02;Bureautique;02;147461909.08199996
03;2011;02;Cuisson;01;29489116.733499996
03;2011;02;Cuisson;02;166671062.81289998
03;2011;02;Cuisson;03;2994656.3054999993
03;2011;02;Cuisson;04;58429633.129099995
03;2011;02;Froid_alimentaire;02;1269564050.1081
03;2011;02;Process;02;385464937.7670001
03;2011;03;Autre;01;469223295.3
03;2011;03;Autre;02;111200998.80240001
03;2011;03;Autre;03;1180720905.26
03;2011;03;Autre;04;1117146756.9900002
03;2011;03;Bureautique;02;338905885.304
03;2011;03;Cuisson;01;71614739.30919999
03;2011;03;Cuisson;02;444951380.5436001
03;2011;03;Cuisson;03;7616368.723399999
03;2011;03;Cuisson;04;114195594.28029999
03;2011;03;Froid_alimentaire;02;2483059818.6629
03;2011;03;Process;02;886072654.0832
03;2011;04;Autre;01;12441379.264200002
03;2011;04;Autre;02;2909863.7449000003
03;2011;04;Autre;03;31753730.558199998
03;2011;04;Autre;04;30962048.0407
03;2011;04;Bureautique;02;10569516.9108
03;2011;04;Cuisson;01;1211438.9748000002
03;2011;04;Cuisson;02;6459192.155
03;2011;04;Cuisson;04;2135935.4874
03;2011;04;Froid_alimentaire;02;59798950.906300016
03;2011;04;Process;02;25244075.124399997
03;2012;01;Autre;01;172733340.06
03;2012;01;Autre;02;42694541.5517
03;2012;01;Autre;03;456664653.58
03;2012;01;Autre;04;462056199.31
03;2012;01;Bureautique;02;149885700.997
03;2012;01;Cuisson;01;28155555.932800002
03;2012;01;Cuisson;02;177294083.24600002
03;2012;01;Cuisson;03;2949994.5237999996
03;2012;01;Cuisson;04;55034329.717300005
03;2012;01;Froid_alimentaire;02;1217832261.2881005
03;2012;01;Process;02;387924606.2085
03;2012;02;Autre;01;170578862.17000002
03;2012;02;Autre;02;40784564.544
03;2012;02;Autre;03;436381159.24000007
03;2012;02;Autre;04;442772336.84
03;2012;02;Bureautique;02;148480380.77699995
03;2012;02;Cuisson;01;28169178.988299996
03;2012;02;Cuisson;02;169943554.6485
03;2012;02;Cuisson;03;2860615.0639
03;2012;02;Cuisson;04;55814317.11000001
03;2012;02;Froid_alimentaire;02;1251737373.9524994
03;2012;02;Process;02;384272495.099
03;2012;03;Autre;01;467771834.9100001
03;2012;03;Autre;02;110857017.97569999
03;2012;03;Autre;03;1177068607.44
03;2012;03;Autre;04;1113691035.82
03;2012;03;Bureautique;02;341246560.593
03;2012;03;Cuisson;01;68409262.54810001
03;2012;03;Cuisson;02;451634375.96660006
03;2012;03;Cuisson;03;7275458.581099999
03;2012;03;Cuisson;04;109084188.05719997
03;2012;03;Froid_alimentaire;02;2449624520.0172005
03;2012;03;Process;02;883331605.8000998
03;2012;04;Autre;01;18713600.041
03;2012;04;Autre;02;4376848.1652
03;2012;04;Autre;03;47762127.133299984
03;2012;04;Autre;04;46571325.31329999
03;2012;04;Bureautique;02;16003750.8543
03;2012;04;Cuisson;01;1771700.0397
03;2012;04;Cuisson;02;9855017.5891
03;2012;04;Cuisson;04;3123752.4751999993
03;2012;04;Froid_alimentaire;02;89309502.31179999
03;2012;04;Process;02;37970676.13879999
03;2013;01;Autre;01;172199017.51999998
03;2013;01;Autre;02;42562468.1311
03;2013;01;Autre;03;455252089.62
03;2013;01;Autre;04;460626921.15000004
03;2013;01;Bureautique;02;150920906.3245
03;2013;01;Cuisson;01;26895312.2638
03;2013;01;Cuisson;02;180334817.6327
03;2013;01;Cuisson;03;2817952.1618999997
03;2013;01;Cuisson;04;52570987.0741
03;2013;01;Froid_alimentaire;02;1200865741.5294003
03;2013;01;Process;02;386724615.51250005
03;2013;02;Autre;01;170051152.77999997
03;2013;02;Autre;02;40658407.333
03;2013;02;Autre;03;435031257.91
03;2013;02;Autre;04;441402671.88
03;2013;02;Bureautique;02;149505871.54100004
03;2013;02;Cuisson;01;26908323.7147
03;2013;02;Cuisson;02;173036335.7441
03;2013;02;Cuisson;03;2732574.1203
03;2013;02;Cuisson;04;53316061.93079998
03;2013;02;Froid_alimentaire;02;1234165066.1025004
03;2013;02;Process;02;383083807.55200005
03;2013;03;Autre;01;466324939.65
03;2013;03;Autre;02;110514104.33109999
03;2013;03;Autre;03;1173427497.4199998
03;2013;03;Autre;04;1110246060.2300003
03;2013;03;Bureautique;02;343603414.0846001
03;2013;03;Cuisson;01;65347259.628999986
03;2013;03;Cuisson;02;457935994.3610999
03;2013;03;Cuisson;03;6949807.8292
03;2013;03;Cuisson;04;104201557.45050003
03;2013;03;Froid_alimentaire;02;2416651318.6476
03;2013;03;Process;02;880599001.6170999
03;2013;04;Autre;01;25020652.4076
03;2013;04;Autre;02;5851978.0581
03;2013;04;Autre;03;63859407.36009999
03;2013;04;Autre;04;62267271.87109999
03;2013;04;Bureautique;02;21557537.1595
03;2013;04;Cuisson;01;2294995.8216999997
03;2013;04;Cuisson;02;13380434.3572
03;2013;04;Cuisson;04;4046395.5369
03;2013;04;Froid_alimentaire;02;118458930.35460003
03;2013;04;Process;02;50767941.6356
04;2009;01;Autre;01;39118265.0153
04;2009;01;Autre;02;233767281.0038
04;2009;01;Autre;04;1794384.483300001
04;2009;01;Bureautique;02;150501310.8908
04;2009;01;Cuisson;01;55953948.3062
04;2009;01;Cuisson;02;289804844.269
04;2009;01;Cuisson;03;6544631.228399999
04;2009;01;Cuisson;04;243125732.44200003
04;2009;01;Froid_alimentaire;02;80525176.82380001
04;2009;01;Process;02;64222252.2312
04;2009;02;Autre;01;18275388.689
04;2009;02;Autre;02;109288507.13
04;2009;02;Autre;04;850574.4584000001
04;2009;02;Bureautique;02;70314661.69
04;2009;02;Cuisson;01;21644341.578
04;2009;02;Cuisson;02;158525527.1
04;2009;02;Cuisson;03;2276607.94
04;2009;02;Cuisson;04;109836948.28
04;2009;02;Froid_alimentaire;02;37603505.573
04;2009;02;Process;02;30011339.740000002
04;2009;03;Autre;01;65969271.41319998
04;2009;03;Autre;02;393899953.528
04;2009;03;Autre;04;2970336.545400001
04;2009;03;Bureautique;02;253658587.69100004
04;2009;03;Cuisson;01;98037405.447
04;2009;03;Cuisson;02;430287875
04;2009;03;Cuisson;03;11318465.45
04;2009;03;Cuisson;04;378139553.78
04;2009;03;Froid_alimentaire;02;135747491.66599995
04;2009;03;Process;02;108209161.68900001
04;2010;01;Autre;01;39065789.756500006
04;2010;01;Autre;02;233453693.71139997
04;2010;01;Autre;04;1791977.2964999997
04;2010;01;Bureautique;02;151804424.24949998
04;2010;01;Cuisson;01;53547470.071100004
04;2010;01;Cuisson;02;302150439.18700004
04;2010;01;Cuisson;03;6263159.3561
04;2010;01;Cuisson;04;232669367.442
04;2010;01;Froid_alimentaire;02;79880311.78019999
04;2010;01;Process;02;64136095.13380001
04;2010;02;Autre;01;18250874.026999995
04;2010;02;Autre;02;109141886.52
04;2010;02;Autre;04;849433.4416000003
04;2010;02;Bureautique;02;70923481.94
04;2010;02;Cuisson;01;20713459.466999996
04;2010;02;Cuisson;02;163886101.39999998
04;2010;02;Cuisson;03;2178695.3600000003
04;2010;02;Cuisson;04;105113069.71
04;2010;02;Froid_alimentaire;02;37302370.75220001
04;2010;02;Process;02;29971084.613000005
04;2010;03;Autre;01;65880772.43270001
04;2010;03;Autre;02;393371544.4650001
04;2010;03;Autre;04;2966351.9234999996
04;2010;03;Bureautique;02;255854904.521
04;2010;03;Cuisson;01;93821000.743
04;2010;03;Cuisson;02;450022994.20000005
04;2010;03;Cuisson;03;10831679.549999999
04;2010;03;Cuisson;04;361876448.17999995
04;2010;03;Froid_alimentaire;02;134660419.7298
04;2010;03;Process;02;108064013.37000005
04;2010;04;Autre;01;954521.1541
04;2010;04;Autre;02;5566236.363000001
04;2010;04;Autre;04;43448.32069999999
04;2010;04;Bureautique;02;3981871.7812000006
04;2010;04;Cuisson;01;9742033.746399999
04;2010;04;Cuisson;02;47572486.33420002
04;2010;04;Cuisson;04;40552117.37320001
04;2010;04;Froid_alimentaire;02;1491387.5250999997
04;2010;04;Process;02;1529080.4361000005
04;2011;01;Autre;01;39013384.5207
04;2011;01;Autre;02;233140525.25939998
04;2011;01;Autre;04;1789573.3498000007
04;2011;01;Bureautique;02;153118818.8861
04;2011;01;Cuisson;01;51244491.7834
04;2011;01;Cuisson;02;313931762.50899994
04;2011;01;Cuisson;03;5993791.881800001
04;2011;01;Cuisson;04;222662700.84600002
04;2011;01;Froid_alimentaire;02;79240622.15709998
04;2011;01;Process;02;64050060.8865
04;2011;02;Autre;01;18226391.391000003
04;2011;02;Autre;02;108995484.51
04;2011;02;Autre;04;848293.9445999999
04;2011;02;Bureautique;02;71537572.25
04;2011;02;Cuisson;01;19822610.971000005
04;2011;02;Cuisson;02;168999800.3
04;2011;02;Cuisson;03;2084993.93
04;2011;02;Cuisson;04;100592357.75999999
04;2011;02;Froid_alimentaire;02;37003645.8206
04;2011;02;Process;02;29930878.801999997
04;2011;03;Autre;01;65792382.95590001
04;2011;03;Autre;02;392843771.89000016
04;2011;03;Autre;04;2962371.9868999994
04;2011;03;Bureautique;02;258070163.495
04;2011;03;Cuisson;01;89785810.59
04;2011;03;Cuisson;02;468857376.40000004
04;2011;03;Cuisson;03;10365810.13
04;2011;03;Cuisson;04;346312268.6
04;2011;03;Froid_alimentaire;02;133582012.08919996
04;2011;03;Process;02;107919027.93800001
04;2011;04;Autre;01;1916056.0703
04;2011;04;Autre;02;11173373.245300004
04;2011;04;Autre;04;87215.88960000004
04;2011;04;Bureautique;02;8032820.786699999
04;2011;04;Cuisson;01;19149733.3348
04;2011;04;Cuisson;02;97590127.88109997
04;2011;04;Cuisson;04;79712541.52600002
04;2011;04;Froid_alimentaire;02;2983791.110999999
04;2011;04;Process;02;3069396.501599999
04;2012;01;Autre;01;38961049.43810001
04;2012;01;Autre;02;232827751.9485
04;2012;01;Autre;04;1787172.7480000001
04;2012;01;Bureautique;02;154444589.46109998
04;2012;01;Cuisson;01;49040560.0753
04;2012;01;Cuisson;02;325173215.54499996
04;2012;01;Cuisson;03;5736009.727899999
04;2012;01;Cuisson;04;213086394.40699998
04;2012;01;Froid_alimentaire;02;78606054.1038
04;2012;01;Process;02;63964133.9595
04;2012;02;Autre;01;18201941.871
04;2012;02;Autre;02;108849277.67000002
04;2012;02;Autre;04;847155.9768999998
04;2012;02;Bureautique;02;72156981.89000002
04;2012;02;Cuisson;01;18970076.952000003
04;2012;02;Cuisson;02;173877266.29999998
04;2012;02;Cuisson;03;1995322.3
04;2012;02;Cuisson;04;96266070.58
04;2012;02;Froid_alimentaire;02;36707312.9731
04;2012;02;Process;02;29890729.751000002
04;2012;03;Autre;01;65704114.74779999
04;2012;03;Autre;02;392316708.378
04;2012;03;Autre;04;2958397.4701999975
04;2012;03;Bureautique;02;260304646.956
04;2012;03;Cuisson;01;85924246.111
04;2012;03;Cuisson;02;486830868.9
04;2012;03;Cuisson;03;9919989.270000001
04;2012;03;Cuisson;04;331417853.63
04;2012;03;Froid_alimentaire;02;132512253.58980003
04;2012;03;Process;02;107774232.41999997
04;2012;04;Autre;01;2884667.5402
04;2012;04;Autre;02;16821776.5909
04;2012;04;Autre;04;131305.575
04;2012;04;Bureautique;02;12173928.834299995
04;2012;04;Cuisson;01;28032466.669099998
04;2012;04;Cuisson;02;151043490.67860004
04;2012;04;Cuisson;04;116687744.18150002
04;2012;04;Froid_alimentaire;02;4472275.882699999
04;2012;04;Process;02;4621048.610400001
04;2013;01;Autre;01;38908784.267599985
04;2013;01;Autre;02;232515421.79829994
04;2013;01;Autre;04;1784775.084
04;2013;01;Bureautique;02;155781843.62449998
04;2013;01;Cuisson;01;46931419.4793
04;2013;01;Cuisson;02;335897933.39100003
04;2013;01;Cuisson;03;5489314.2469999995
04;2013;01;Cuisson;04;203921948.33900002
04;2013;01;Froid_alimentaire;02;77976560.34219998
04;2013;01;Process;02;63878327.48269999
04;2013;02;Autre;01;18177525.470000003
04;2013;02;Autre;02;108703255.38000003
04;2013;02;Autre;04;846019.5194000003
04;2013;02;Bureautique;02;72781750.21
04;2013;02;Cuisson;01;18154211.031000003
04;2013;02;Cuisson;02;178528649.20000002
04;2013;02;Cuisson;03;1909507.41
04;2013;02;Cuisson;04;92125860.64999999
04;2013;02;Froid_alimentaire;02;36413353.1692
04;2013;02;Process;02;29850631.416
04;2013;03;Autre;01;65615967.4968
04;2013;03;Autre;02;391790386.43599993
04;2013;03;Autre;04;2954428.613000001
04;2013;03;Bureautique;02;262558493.23599994
04;2013;03;Cuisson;01;82228752.603
04;2013;03;Cuisson;02;503980075.6999999
04;2013;03;Cuisson;03;9493342.620000001
04;2013;03;Cuisson;04;317163946.18
04;2013;03;Froid_alimentaire;02;131451060.94940004
04;2013;03;Process;02;107629651.67199998
04;2013;04;Autre;01;3860418.5121000004
04;2013;04;Autre;02;22511814.168700002
04;2013;04;Autre;04;175720.2412
04;2013;04;Bureautique;02;16413552.9003
04;2013;04;Cuisson;01;36346547.34750001
04;2013;04;Cuisson;02;208164588.96069998
04;2013;04;Cuisson;04;151295881.41910002
04;2013;04;Froid_alimentaire;02;5955227.311099999
04;2013;04;Process;02;6184137.980299999
05;2009;01;Autre;01;14399289.724399999
05;2009;01;Autre;02;22627872.7209
05;2009;01;Autre;03;110457696.05700001
05;2009;01;Autre;04;61117711.781
05;2009;01;Bureautique;02;22627872.7209
05;2009;01;Cuisson;01;122240459.079
05;2009;01;Cuisson;02;205562038.776
05;2009;01;Cuisson;03;2237851.5430999994
05;2009;01;Cuisson;04;219404859.21300003
05;2009;01;Froid_alimentaire;02;90511473.61699998
05;2009;01;Process;02;135767235.839
05;2009;02;Autre;01;6303947.488700002
05;2009;02;Autre;02;8706167.2617
05;2009;02;Autre;03;42499065.263
05;2009;02;Autre;04;22751532.308
05;2009;02;Bureautique;02;8706167.2617
05;2009;02;Cuisson;01;49774335.154
05;2009;02;Cuisson;02;79090862.514
05;2009;02;Cuisson;03;861022.6708
05;2009;02;Cuisson;04;81675138.37400001
05;2009;02;Froid_alimentaire;02;34824675.723
05;2009;02;Process;02;52237014.491
05;2009;03;Autre;01;20705757.7654
05;2009;03;Autre;02;35174717.3857
05;2009;03;Autre;03;171704971.47699997
05;2009;03;Autre;04;96684386.27399999
05;2009;03;Bureautique;02;35174717.3857
05;2009;03;Cuisson;01;183998249.74
05;2009;03;Cuisson;02;319543362.6100001
05;2009;03;Cuisson;03;3478709.4919
05;2009;03;Cuisson;04;347084748.213
05;2009;03;Froid_alimentaire;02;140698867.87399995
05;2009;03;Process;02;211048320.15499997
05;2010;01;Autre;01;14371933.958300002
05;2010;01;Autre;02;22584888.589999996
05;2010;01;Autre;03;110247860.002
05;2010;01;Autre;04;61001599.18099999
05;2010;01;Bureautique;02;22811167.2856
05;2010;01;Cuisson;01;116914890.14100002
05;2010;01;Cuisson;02;219499993.64099997
05;2010;01;Cuisson;03;2140356.4595
05;2010;01;Cuisson;04;209846154.09399998
05;2010;01;Froid_alimentaire;02;89736113.56660002
05;2010;01;Process;02;135509316.35799998
05;2010;02;Autre;01;6291970.658099999
05;2010;02;Autre;02;8689628.5722
05;2010;02;Autre;03;42418334.169
05;2010;02;Autre;04;22708310.391999997
05;2010;02;Bureautique;02;8776690.695500001
05;2010;02;Cuisson;01;47605842.918000005
05;2010;02;Cuisson;02;84453545.07100001
05;2010;02;Cuisson;03;823510.8342999998
05;2010;02;Cuisson;04;78116839.024
05;2010;02;Froid_alimentaire;02;34526353.1934
05;2010;02;Process;02;52137782.36
05;2010;03;Autre;01;20666424.2298
05;2010;03;Autre;02;35107895.195
05;2010;03;Autre;03;171378772.83500004
05;2010;03;Autre;04;96500717.20619999
05;2010;03;Bureautique;02;35459641.03870001
05;2010;03;Cuisson;01;175982113.89099997
05;2010;03;Cuisson;02;341209721.337
05;2010;03;Cuisson;03;3327155.0037000007
05;2010;03;Cuisson;04;331963517.7390001
05;2010;03;Froid_alimentaire;02;139493579.2392
05;2010;03;Process;02;210647383.30900002
05;2010;04;Autre;01;339502.4094
05;2010;04;Autre;02;532296.3347
05;2010;04;Autre;03;2661867.1379
05;2010;04;Autre;04;1480345.5313999997
05;2010;04;Bureautique;02;591440.3668000001
05;2010;04;Cuisson;01;1628299.0321000002
05;2010;04;Cuisson;02;2697544.4627
05;2010;04;Cuisson;04;2964546.1865000003
05;2010;04;Froid_alimentaire;02;1656033.0270999998
05;2010;04;Process;02;3193777.9808000005
05;2011;01;Autre;01;14344631.849299997
05;2011;01;Autre;02;22541980.948000003
05;2011;01;Autre;03;110038411.24599999
05;2011;01;Autre;04;60885708.363000005
05;2011;01;Bureautique;02;22995941.9707
05;2011;01;Cuisson;01;111821313.143
05;2011;01;Cuisson;02;232787222.35500002
05;2011;01;Cuisson;03;2047108.5658999998
05;2011;01;Cuisson;04;200703881.81699997
05;2011;01;Froid_alimentaire;02;88967386.72840002
05;2011;01;Process;02;135251871.80399996
05;2011;02;Autre;01;6280017.583199999
05;2011;02;Autre;02;8673119.3858
05;2011;02;Autre;03;42337751.624
05;2011;02;Autre;04;22665167.209000003
05;2011;02;Bureautique;02;8847782.799
05;2011;02;Cuisson;01;45531820.140999995
05;2011;02;Cuisson;02;89565850.71
05;2011;02;Cuisson;03;787633.3114
05;2011;02;Cuisson;04;74713571.588
05;2011;02;Froid_alimentaire;02;34230583.35780001
05;2011;02;Process;02;52038723.39
05;2011;03;Autre;01;20627161.881299995
05;2011;03;Autre;02;35041193.555999994
05;2011;03;Autre;03;171053169.39999998
05;2011;03;Autre;04;96317381.76810001
05;2011;03;Bureautique;02;35746871.76590001
05;2011;03;Cuisson;01;168315185.28799996
05;2011;03;Cuisson;02;361864480.303
05;2011;03;Cuisson;03;3182202.2313
05;2011;03;Cuisson;04;317500997.384
05;2011;03;Froid_alimentaire;02;138298602.21460003
05;2011;03;Process;02;210247187.518
05;2011;04;Autre;01;681499.469
05;2011;04;Autre;02;1068504.0216
05;2011;04;Autre;03;5343294.184299999
05;2011;04;Autre;04;2971568.8987
05;2011;04;Bureautique;02;1193140.9652999998
05;2011;04;Cuisson;01;3200717.2882000003
05;2011;04;Cuisson;02;5606279.7201
05;2011;04;Cuisson;04;5827353.556499999
05;2011;04;Froid_alimentaire;02;3313194.2756000003
05;2011;04;Process;02;6411023.4687
05;2012;01;Autre;01;14317377.934899997
05;2012;01;Autre;02;22499154.034399997
05;2012;01;Autre;03;109829350.47299999
05;2012;01;Autre;04;60770027.785
05;2012;01;Bureautique;02;23182211.320699997
05;2012;01;Cuisson;01;106949646.972
05;2012;01;Cuisson;02;245452103.135
05;2012;01;Cuisson;03;1957923.1456
05;2012;01;Cuisson;04;191959894.955
05;2012;01;Froid_alimentaire;02;88205237.97230001
05;2012;01;Process;02;134994916.04
05;2012;02;Autre;01;6268086.221000001
05;2012;02;Autre;02;8656641.7162
05;2012;02;Autre;03;42257310.357999995
05;2012;02;Autre;04;22622105.549999997
05;2012;02;Bureautique;02;8919449.707999999
05;2012;02;Cuisson;01;43548159.208000004
05;2012;02;Cuisson;02;94438730.81
05;2012;02;Cuisson;03;753318.8315999999
05;2012;02;Cuisson;04;71458558.43200001
05;2012;02;Froid_alimentaire;02;33937344.7513
05;2012;02;Process;02;51939849.050000004
05;2012;03;Autre;01;20587972.7967
05;2012;03;Autre;02;34974619.6598
05;2012;03;Autre;03;170728189.40500003
05;2012;03;Autre;04;96134388.5286
05;2012;03;Bureautique;02;36036428.978700005
05;2012;03;Cuisson;01;160982281.268
05;2012;03;Cuisson;02;381551951.78000003
05;2012;03;Cuisson;03;3043564.7077
05;2012;03;Cuisson;04;303668586.35899997
05;2012;03;Froid_alimentaire;02;137113859.131
05;2012;03;Process;02;209847738.206
05;2012;04;Autre;01;1026015.4339000001
05;2012;04;Autre;02;1608661.0137
05;2012;04;Autre;03;8044469.735800001
05;2012;04;Autre;04;4473775.386700001
05;2012;04;Bureautique;02;1808236.9973000002
05;2012;04;Cuisson;01;4685401.251
05;2012;04;Cuisson;02;8816571.069099998
05;2012;04;Cuisson;04;8530427.538600001
05;2012;04;Froid_alimentaire;02;4966013.8247
05;2012;04;Process;02;9651964.064199999
05;2013;01;Autre;01;14290176.822399996
05;2013;01;Autre;02;22456403.1355
05;2013;01;Autre;03;109620671.473
05;2013;01;Autre;04;60654552.86400001
05;2013;01;Bureautique;02;23369982.3008
05;2013;01;Cuisson;01;102290202.46700001
05;2013;01;Cuisson;02;257521865.05
05;2013;01;Cuisson;03;1872622.808
05;2013;01;Cuisson;04;183596824.435
05;2013;01;Froid_alimentaire;02;87449610.14019999
05;2013;01;Process;02;134738417.853
05;2013;02;Autre;01;6256178.0641
05;2013;02;Autre;02;8640195.031599998
05;2013;02;Autre;03;42177017.773
05;2013;02;Autre;04;22579122.884999998
05;2013;02;Bureautique;02;8991698.8623
05;2013;02;Cuisson;01;41650907.85
05;2013;02;Cuisson;02;99082643.866
05;2013;02;Cuisson;03;720499.2603000001
05;2013;02;Cuisson;04;68345345.83
05;2013;02;Froid_alimentaire;02;33646616.196100004
05;2013;02;Process;02;51841158.434
05;2013;03;Autre;01;20548858.347200003
05;2013;03;Autre;02;34908167.1621
05;2013;03;Autre;03;170403831.417
05;2013;03;Autre;04;95951751.0077
05;2013;03;Bureautique;02;36328325.63160001
05;2013;03;Cuisson;01;153968830.613
05;2013;03;Cuisson;02;400314319.456
05;2013;03;Cuisson;03;2910966.860000001
05;2013;03;Cuisson;04;290438754.82600003
05;2013;03;Froid_alimentaire;02;135939259.7331
05;2013;03;Process;02;209449047.90199995
05;2013;04;Autre;01;1373074.8231
05;2013;04;Autre;02;2152805.7302
05;2013;04;Autre;03;10765587.361
05;2013;04;Autre;04;5987072.0081
05;2013;04;Bureautique;02;2437971.992
05;2013;04;Cuisson;01;6075057.080400001
05;2013;04;Cuisson;02;12349519.6112
05;2013;04;Cuisson;04;11060490.9817
05;2013;04;Froid_alimentaire;02;6612707.1433999995
05;2013;04;Process;02;12916831.8243
06;2009;01;Autre;01;23495717.7943
06;2009;01;Autre;02;29980671.015
06;2009;01;Autre;03;264517953.46999997
06;2009;01;Autre;04;152380583.632
06;2009;01;Bureautique;02;29980671.015
06;2009;01;Cuisson;01;52622506.254
06;2009;01;Cuisson;02;137522018.32
06;2009;01;Cuisson;03;4257177.0946
06;2009;01;Cuisson;04;164493533.871
06;2009;01;Froid_alimentaire;02;239845389.86
06;2009;01;Process;02;119922686.079
06;2009;02;Autre;01;12250463.032499999
06;2009;02;Autre;02;17594546.652000003
06;2009;02;Autre;03;155235797.04
06;2009;02;Autre;04;90964834.11000001
06;2009;02;Bureautique;02;17594546.652000003
06;2009;02;Cuisson;01;29221611.588
06;2009;02;Cuisson;02;80706571.3
06;2009;02;Cuisson;03;2498379.5272
06;2009;02;Cuisson;04;98195746.97
06;2009;02;Froid_alimentaire;02;140756363.67000002
06;2009;02;Process;02;70378191.54699999
06;2009;03;Autre;01;42882027.03739999
06;2009;03;Autre;02;61024440.246300004
06;2009;03;Autre;03;538415619.1750001
06;2009;03;Autre;04;315107042.188
06;2009;03;Bureautique;02;61024440.246300004
06;2009;03;Cuisson;01;101775524.84780002
06;2009;03;Cuisson;02;279920486.57000005
06;2009;03;Cuisson;03;8665310.705300001
06;2009;03;Cuisson;04;340155341.056
06;2009;03;Froid_alimentaire;02;488195578.557
06;2009;03;Process;02;244097754.50700003
06;2010;01;Autre;01;23455210.9483
06;2010;01;Autre;02;29928988.626000002
06;2010;01;Autre;03;264061946.21
06;2010;01;Autre;04;152117901.035
06;2010;01;Bureautique;02;30228794.632000003
06;2010;01;Cuisson;01;50339184.911
06;2010;01;Cuisson;02;146508825.153
06;2010;01;Cuisson;03;4072455.7174
06;2010;01;Cuisson;04;157356074.47100002
06;2010;01;Froid_alimentaire;02;237832949.6706
06;2010;01;Process;02;119715946.15
06;2010;02;Autre;01;12229344.041100001
06;2010;02;Autre;02;17564216.064000003
06;2010;02;Autre;03;154968193.98000002
06;2010;02;Autre;04;90808012.97
06;2010;02;Bureautique;02;17740160.759000003
06;2010;02;Cuisson;01;27953670.505999997
06;2010;02;Cuisson;02;85980591.45199999
06;2010;02;Cuisson;03;2389972.9779
06;2010;02;Cuisson;04;93934983.84
06;2010;02;Froid_alimentaire;02;139575336.7195
06;2010;02;Process;02;70256870.236
06;2010;03;Autre;01;42808102.37549999
06;2010;03;Autre;02;60919231.715100005
06;2010;03;Autre;03;537487436.3180001
06;2010;03;Autre;04;314563826.18999994
06;2010;03;Bureautique;02;61529477.86609999
06;2010;03;Cuisson;01;97359427.0942
06;2010;03;Cuisson;02;298212768.99899995
06;2010;03;Cuisson;03;8289317.642200001
06;2010;03;Cuisson;04;325395818.103
06;2010;03;Froid_alimentaire;02;484099343.8291999
06;2010;03;Process;02;243676957.93799996
06;2010;04;Autre;01;1042424.6183
06;2010;04;Autre;02;1405446.4937000002
06;2010;04;Autre;03;12703071.6807
06;2010;04;Autre;04;7403766.659099999
06;2010;04;Bureautique;02;1561606.8557999998
06;2010;04;Cuisson;01;1368810.597
06;2010;04;Cuisson;02;3624958.3461
06;2010;04;Cuisson;04;4493965.5871
06;2010;04;Froid_alimentaire;02;8744998.3925
06;2010;04;Process;02;5621784.680900001
06;2011;01;Autre;01;23414776.2801
06;2011;01;Autre;02;29877394.82
06;2011;01;Autre;03;263606735.01999998
06;2011;01;Autre;04;151855665.384
06;2011;01;Bureautique;02;30478968.377
06;2011;01;Cuisson;01;48154936.028
06;2011;01;Cuisson;02;155079915.828
06;2011;01;Cuisson;03;3895748.9455000004
06;2011;01;Cuisson;04;150528294.88200003
06;2011;01;Froid_alimentaire;02;235837398.6154
06;2011;01;Process;02;119509569.05
06;2011;02;Autre;01;12208261.539
06;2011;02;Autre;02;17533937.053999998
06;2011;02;Autre;03;154701042.49
06;2011;02;Autre;04;90651471.97999999
06;2011;02;Bureautique;02;17886984.192
06;2011;02;Cuisson;01;26740746.001000002
06;2011;02;Cuisson;02;91010648.12900001
06;2011;02;Cuisson;03;2286270.2376
06;2011;02;Cuisson;04;89859092.89
06;2011;02;Froid_alimentaire;02;138404223.5844
06;2011;02;Process;02;70135751.197
06;2011;03;Autre;01;42734292.6412
06;2011;03;Autre;02;60814210.801800005
06;2011;03;Autre;03;536560786.69799995
06;2011;03;Autre;04;314021534.024
06;2011;03;Bureautique;02;62038691.46320001
06;2011;03;Cuisson;01;93134926.6961
06;2011;03;Cuisson;02;315658840.984
06;2011;03;Cuisson;03;7929639.3844
06;2011;03;Cuisson;04;311276688.264
06;2011;03;Froid_alimentaire;02;480037437.9464
06;2011;03;Process;02;243256868.06599998
06;2011;04;Autre;01;2098515.0523
06;2011;04;Autre;02;2829317.7965000006
06;2011;04;Autre;03;25572676.0425
06;2011;04;Autre;04;14904594.626400001
06;2011;04;Bureautique;02;3159301.6769000003
06;2011;04;Cuisson;01;2698532.0233000005
06;2011;04;Cuisson;02;7541720.0429
06;2011;04;Cuisson;04;8859596.5863
06;2011;04;Froid_alimentaire;02;17546340.2908
06;2011;04;Process;02;11317268.329100003
06;2012;01;Autre;01;23374411.611799996
06;2012;01;Autre;02;29825887.747
06;2012;01;Autre;03;263152295.91
06;2012;01;Autre;04;151593874.68800002
06;2012;01;Bureautique;02;30731215.104
06;2012;01;Cuisson;01;46065470.495000005
06;2012;01;Cuisson;02;163253368.176
06;2012;01;Cuisson;03;3726710.8424000004
06;2012;01;Cuisson;04;143996794.972
06;2012;01;Froid_alimentaire;02;233858584.39859998
06;2012;01;Process;02;119303551.878
06;2012;02;Autre;01;12187215.317
06;2012;02;Autre;02;17503710.307000004
06;2012;02;Autre;03;154434360.57999998
06;2012;02;Autre;04;90495192.44
06;2012;02;Bureautique;02;18035016.037
06;2012;02;Cuisson;01;25580452.679
06;2012;02;Cuisson;02;95807333.54
06;2012;02;Cuisson;03;2187067.4715
06;2012;02;Cuisson;04;85960060.178
06;2012;02;Froid_alimentaire;02;137242930.6386
06;2012;02;Process;02;70014843.41999999
06;2012;03;Autre;01;42660606.8046
06;2012;03;Autre;02;60709367.6291
06;2012;03;Autre;03;535635737.27400005
06;2012;03;Autre;04;313480148.752
06;2012;03;Bureautique;02;62552118.77
06;2012;03;Cuisson;01;89093738.1264
06;2012;03;Cuisson;02;332295532.021
06;2012;03;Cuisson;03;7585566.605400002
06;2012;03;Cuisson;04;297770180.434
06;2012;03;Froid_alimentaire;02;476009585.543
06;2012;03;Process;02;242837490.04999998
06;2012;04;Autre;01;3168476.9624
06;2012;04;Autre;02;4271891.6472000005
06;2012;04;Autre;03;38611321.2938
06;2012;04;Autre;04;22503944.580199998
06;2012;04;Bureautique;02;4801714.165700001
06;2012;04;Cuisson;01;3961983.7284
06;2012;04;Cuisson;02;11868578.4167
06;2012;04;Cuisson;04;13007656.924700001
06;2012;04;Froid_alimentaire;02;26375653.156999998
06;2012;04;Process;02;17087561.1308
06;2013;01;Autre;01;23334118.113400005
06;2013;01;Autre;02;29774471.405
06;2013;01;Autre;03;262698653.77
06;2013;01;Autre;04;151332551.159
06;2013;01;Bureautique;02;30985548.297
06;2013;01;Cuisson;01;44066662.778
06;2013;01;Cuisson;02;171046480.03899997
06;2013;01;Cuisson;03;3565005.8049
06;2013;01;Cuisson;04;137748702.017
06;2013;01;Froid_alimentaire;02;231896379.3647
06;2013;01;Process;02;119097897.92699999
06;2013;02;Autre;01;12166205.363300001
06;2013;02;Autre;02;17473535.534
06;2013;02;Autre;03;154168129.25
06;2013;02;Autre;04;90339183.16999999
06;2013;02;Bureautique;02;18184271.025
06;2013;02;Cuisson;01;24470503.744000003
06;2013;02;Cuisson;02;100380823.69
06;2013;02;Cuisson;03;2092169.5936999996
06;2013;02;Cuisson;04;82230198.035
06;2013;02;Froid_alimentaire;02;136091381.40600002
06;2013;02;Process;02;69894138.796
06;2013;03;Autre;01;42587049.7235
06;2013;03;Autre;02;60604708.2161
06;2013;03;Autre;03;534712271.596
06;2013;03;Autre;04;312939728.572
06;2013;03;Bureautique;02;63069802.4433
06;2013;03;Cuisson;01;85227908.2148
06;2013;03;Cuisson;02;348158051.53700006
06;2013;03;Cuisson;03;7256423.295399999
06;2013;03;Cuisson;04;284849763.723
06;2013;03;Froid_alimentaire;02;472015554.8629
06;2013;03;Process;02;242418850.12899998
06;2013;04;Autre;01;4252519.716399999
06;2013;04;Autre;02;5733449.263
06;2013;04;Autre;03;51821547.50810001
06;2013;04;Autre;04;30203301.2276
06;2013;04;Bureautique;02;6492559.7
06;2013;04;Cuisson;01;5152429.0961
06;2013;04;Cuisson;02;16636286.055300001
06;2013;04;Cuisson;04;16916027.346199997
06;2013;04;Froid_alimentaire;02;35223815.330299996
06;2013;04;Process;02;22933790.4647
07;2009;01;Autre;02;22468207.330000006
07;2009;01;Bureautique;02;55266750.807
07;2009;01;Cuisson;01;27020576.406099997
07;2009;01;Cuisson;02;47754600.448300004
07;2009;01;Cuisson;04;43432341.33099999
07;2009;01;Froid_alimentaire;02;38655927.30309999
07;2009;01;Process;02;239400083
07;2009;02;Autre;02;15199299.214199994
07;2009;02;Bureautique;02;58666025.684
07;2009;02;Cuisson;01;20551166.846999995
07;2009;02;Cuisson;02;37547153.684
07;2009;02;Cuisson;04;34202078.06899999
07;2009;02;Froid_alimentaire;02;33036648.9648
07;2009;02;Process;02;273350735.1
07;2009;03;Autre;02;32339206.190700002
07;2009;03;Bureautique;02;136450194.207
07;2009;03;Cuisson;01;39490635.37679999
07;2009;03;Cuisson;02;71777075.74050002
07;2009;03;Cuisson;04;61242947.24990001
07;2009;03;Froid_alimentaire;02;68580597.13769999
07;2009;03;Process;02;709683830.37
07;2010;01;Autre;02;22438067.906200003
07;2010;01;Bureautique;02;55745275.15900002
07;2010;01;Cuisson;01;25858471.008600004
07;2010;01;Cuisson;02;50626078.35259999
07;2010;01;Cuisson;04;41564395.68819999
07;2010;01;Froid_alimentaire;02;38346364.58259999
07;2010;01;Process;02;239078912.2
07;2010;02;Autre;02;15178909.453499997
07;2010;02;Bureautique;02;59173986.11699999
07;2010;02;Cuisson;01;19667301.099000007
07;2010;02;Cuisson;02;39778170.342
07;2010;02;Cuisson;04;32731111.531000003
07;2010;02;Froid_alimentaire;02;32772085.037299983
07;2010;02;Process;02;272983981
07;2010;03;Autre;02;32295823.5396
07;2010;03;Bureautique;02;137631659.089
07;2010;03;Cuisson;01;37792219.401599996
07;2010;03;Cuisson;02;75878021.3164
07;2010;03;Cuisson;04;58609002.69059999
07;2010;03;Froid_alimentaire;02;68031401.9979
07;2010;03;Process;02;708731722.29
07;2010;04;Autre;02;679764.3076
07;2010;04;Bureautique;02;2289353.4511999995
07;2010;04;Cuisson;01;403936.3773
07;2010;04;Cuisson;02;711324.3325999997
07;2010;04;Cuisson;04;644258.9158999999
07;2010;04;Froid_alimentaire;02;945736.6329000001
07;2010;04;Process;02;9294506.310199998
07;2011;01;Autre;02;22407919.953199994
07;2011;01;Bureautique;02;56227892.34900001
07;2011;01;Cuisson;01;24746205.4894
07;2011;01;Cuisson;02;53367239.738900006
07;2011;01;Cuisson;04;39776603.817700006
07;2011;01;Froid_alimentaire;02;38039171.91819998
07;2011;01;Process;02;238758166.29999998
07;2011;02;Autre;02;15158517.9138
07;2011;02;Bureautique;02;59686306.975999996
07;2011;02;Cuisson;01;18821324.223
07;2011;02;Cuisson;02;41907902.523
07;2011;02;Cuisson;04;31323247.68800001
07;2011;02;Froid_alimentaire;02;32509557.47569999
07;2011;02;Process;02;272617847.20000005
07;2011;03;Autre;02;32252442.112900008
07;2011;03;Bureautique;02;138823211.194
07;2011;03;Cuisson;01;36166652.908599995
07;2011;03;Cuisson;02;79792679.0219
07;2011;03;Cuisson;04;56088091.4066
07;2011;03;Froid_alimentaire;02;67486439.1153
07;2011;03;Process;02;707779888.35
07;2011;04;Autre;02;1364523.4637000004
07;2011;04;Bureautique;02;4618422.444399999
07;2011;04;Cuisson;01;794010.2949999998
07;2011;04;Cuisson;02;1471550.2145999996
07;2011;04;Cuisson;04;1266407.7992
07;2011;04;Froid_alimentaire;02;1892117.6386000004
07;2011;04;Process;02;18657308.867
07;2012;01;Autre;02;22377802.674
07;2012;01;Bureautique;02;56714631.062999986
07;2012;01;Cuisson;01;23681803.392899994
07;2012;01;Cuisson;02;55983896.88589999
07;2012;01;Cuisson;04;38065723.27669999
07;2012;01;Froid_alimentaire;02;37734439.19260001
07;2012;01;Process;02;238437846.2
07;2012;02;Autre;02;15138156.691100001
07;2012;02;Bureautique;02;60203086.45999999
07;2012;02;Cuisson;01;18011793.954000004
07;2012;02;Cuisson;02;43940930.283999994
07;2012;02;Cuisson;04;29975997.750999995
07;2012;02;Froid_alimentaire;02;32249172.065099988
07;2012;02;Process;02;272252133.5
07;2012;03;Autre;02;32209103.066399995
07;2012;03;Bureautique;02;140025115.241
07;2012;03;Cuisson;01;34610957.7738
07;2012;03;Cuisson;02;83529226.9547
07;2012;03;Cuisson;04;53675553.80269999
07;2012;03;Froid_alimentaire;02;66945810.14619999
07;2012;03;Process;02;706828899.54
07;2012;04;Autre;02;2054321.1298000002
07;2012;04;Bureautique;02;6999325.7554
07;2012;04;Cuisson;01;1162315.6057999998
07;2012;04;Cuisson;02;2301300.8402
07;2012;04;Cuisson;04;1853836.9901000008
07;2012;04;Froid_alimentaire;02;2836011.350600001
07;2012;04;Process;02;28089010.615999997
07;2013;01;Autre;02;22347716.0977
07;2013;01;Bureautique;02;57205514.224
07;2013;01;Cuisson;01;22663120.25420001
07;2013;01;Cuisson;02;58481285.706700005
07;2013;01;Cuisson;04;36428357.3143
07;2013;01;Froid_alimentaire;02;37432081.9947
07;2013;01;Process;02;238117952.1
07;2013;02;Autre;02;15117813.842299996
07;2013;02;Bureautique;02;60724334.98600002
07;2013;02;Cuisson;01;17237034.736000005
07;2013;02;Cuisson;02;45881274.71399999
07;2013;02;Cuisson;04;28686637.287000004
07;2013;02;Froid_alimentaire;02;31990831.905
07;2013;02;Process;02;271886841
07;2013;03;Autre;02;32165803.790999997
07;2013;03;Bureautique;02;141237357.14600003
07;2013;03;Cuisson;01;33122154.3081
07;2013;03;Cuisson;02;87095348.71980001
07;2013;03;Cuisson;04;51366748.419700004
07;2013;03;Froid_alimentaire;02;66409463.280500025
07;2013;03;Process;02;705878442.86
07;2013;04;Autre;02;2749201.9726
07;2013;04;Bureautique;02;9436866.972800002
07;2013;04;Cuisson;01;1507041.4587
07;2013;04;Cuisson;02;3205393.8215000005
07;2013;04;Cuisson;04;2403657.885199999
07;2013;04;Froid_alimentaire;02;3776394.0360000003
07;2013;04;Process;02;37590216.533
08;2009;01;Autre;01;8485309.872000001
08;2009;01;Autre;02;1134668.1227000002
08;2009;01;Autre;03;52798665.81
08;2009;01;Autre;04;42004.97860000001
08;2009;01;Bureautique;02;1134668.1227000002
08;2009;01;Cuisson;01;1145617.1782999998
08;2009;01;Cuisson;02;3975427.1170000006
08;2009;01;Cuisson;04;4234357.873
08;2009;01;Froid_alimentaire;02;11346681.226999998
08;2009;02;Autre;01;6921615.883
08;2009;02;Autre;02;925499.1102
08;2009;02;Autre;03;43065567.969000004
08;2009;02;Autre;04;33742.528
08;2009;02;Bureautique;02;925499.1102
08;2009;02;Cuisson;01;986758.0111000001
08;2009;02;Cuisson;02;3242582.8933
08;2009;02;Cuisson;04;3401453.1025000005
08;2009;02;Froid_alimentaire;02;9254991.102000002
08;2009;03;Autre;01;176284029.80699998
08;2009;03;Autre;02;23567818.441600002
08;2009;03;Autre;03;1096663713.916
08;2009;03;Autre;04;834046.2484000002
08;2009;03;Bureautique;02;23567818.4416
08;2009;03;Cuisson;01;27668764.917699996
08;2009;03;Cuisson;02;82572286.9495
08;2009;03;Cuisson;04;84076937.034
08;2009;03;Froid_alimentaire;02;235678184.416
08;2010;01;Autre;01;8470601.904000001
08;2010;01;Autre;02;1132701.2996000003
08;2010;01;Autre;03;52707151.58
08;2010;01;Autre;04;41932.168399999995
08;2010;01;Bureautique;02;1144047.8693000001
08;2010;01;Cuisson;01;1095897.4503
08;2010;01;Cuisson;02;4192701.937
08;2010;01;Cuisson;04;4050586.454
08;2010;01;Froid_alimentaire;02;11251368.083499998
08;2010;02;Autre;01;6909618.726000001
08;2010;02;Autre;02;923895.1051999999
08;2010;02;Autre;03;42990925.88
08;2010;02;Autre;04;33684.0404
08;2010;02;Bureautique;02;933149.9179000001
08;2010;02;Cuisson;01;943932.7045999999
08;2010;02;Cuisson;02;3419804.5688
08;2010;02;Cuisson;04;3253829.6859999993
08;2010;02;Froid_alimentaire;02;9177250.0051
08;2010;03;Autre;01;175978474.63799998
08;2010;03;Autre;02;23526964.0663
08;2010;03;Autre;03;1094762857.65
08;2010;03;Autre;04;832600.5002
08;2010;03;Bureautique;02;23762650.279999997
08;2010;03;Cuisson;01;26467942.310700003
08;2010;03;Cuisson;02;87085236.48889999
08;2010;03;Cuisson;04;80427998.7031
08;2010;03;Froid_alimentaire;02;233698493.17829996
08;2010;04;Autre;01;1559993.6742
08;2010;04;Autre;02;203589.362
08;2010;04;Autre;03;9704871.270200001
08;2010;04;Autre;04;7403.944800000001
08;2010;04;Bureautique;02;226210.4211
08;2010;04;Cuisson;01;134736.2797
08;2010;04;Cuisson;02;396275.8121000001
08;2010;04;Cuisson;04;414646.0960999999
08;2010;04;Froid_alimentaire;02;1583472.9477000001
08;2011;01;Autre;01;8455909.172
08;2011;01;Autre;02;1130736.5061999997
08;2011;01;Autre;03;52615721.760000005
08;2011;01;Autre;04;41859.4294
08;2011;01;Bureautique;02;1153503.9353
08;2011;01;Cuisson;01;1048334.1751
08;2011;01;Cuisson;02;4399865.466999999
08;2011;01;Cuisson;04;3874785.871
08;2011;01;Froid_alimentaire;02;11156840.9272
08;2011;02;Autre;01;6897638.961
08;2011;02;Autre;02;922293.3801999999
08;2011;02;Autre;03;42916399.609
08;2011;02;Autre;04;33625.646700000005
08;2011;02;Bureautique;02;940863.8499000001
08;2011;02;Cuisson;01;902966.0236000002
08;2011;02;Cuisson;02;3588782.7952999994
08;2011;02;Cuisson;04;3112612.6933999998
08;2011;02;Froid_alimentaire;02;9100157.318100002
08;2011;03;Autre;01;175673453.84199998
08;2011;03;Autre;02;23486185.557299998
08;2011;03;Autre;03;1092865309.942
08;2011;03;Autre;04;831157.2835
08;2011;03;Bureautique;02;23959089.989
08;2011;03;Cuisson;01;25319226.584599998
08;2011;03;Cuisson;02;91388280.1257
08;2011;03;Cuisson;04;76937421.8946
08;2011;03;Froid_alimentaire;02;231735366.5336
08;2011;04;Autre;01;3131450.4806
08;2011;04;Autre;02;408674.7036
08;2011;04;Autre;03;19481052.129600003
08;2011;04;Autre;04;14862.292200000002
08;2011;04;Bureautique;02;456345.1546000001
08;2011;04;Cuisson;01;264848.6387
08;2011;04;Cuisson;02;818354.5127000003
08;2011;04;Cuisson;04;815062.3123999999
08;2011;04;Froid_alimentaire;02;3168024.8196
08;2012;01;Autre;01;8441231.032
08;2012;01;Autre;02;1128773.6327000002
08;2012;01;Autre;03;52524382.66
08;2012;01;Autre;04;41786.7666
08;2012;01;Bureautique;02;1163036.3404
08;2012;01;Cuisson;01;1002833.7256000001
08;2012;01;Cuisson;02;4597357.205
08;2012;01;Cuisson;04;3706610.0120000006
08;2012;01;Froid_alimentaire;02;11063094.0646
08;2012;02;Autre;01;6885683.488
08;2012;02;Autre;02;920694.6487
08;2012;02;Autre;03;42842010.003
08;2012;02;Autre;04;33567.3631
08;2012;02;Bureautique;02;948641.7378
08;2012;02;Cuisson;01;863777.3006
08;2012;02;Cuisson;02;3749877.5358999996
08;2012;02;Cuisson;04;2977525.1929
08;2012;02;Froid_alimentaire;02;9023714.719399998
08;2012;03;Autre;01;175368937.40800002
08;2012;03;Autre;02;23445482.6668
08;2012;03;Autre;03;1090970935.423
08;2012;03;Autre;04;829716.6669000002
08;2012;03;Bureautique;02;24157155.010800004
08;2012;03;Cuisson;01;24220372.781299997
08;2012;03;Cuisson;02;95490576.39549999
08;2012;03;Cuisson;04;73598342.25119999
08;2012;03;Froid_alimentaire;02;229788745.9639
08;2012;04;Autre;01;4714478.1422999995
08;2012;04;Autre;02;615270.2006999999
08;2012;04;Autre;03;29329225.691900004
08;2012;04;Autre;04;22375.567000000006
08;2012;04;Bureautique;02;691602.9295
08;2012;04;Cuisson;01;387701.0347
08;2012;04;Cuisson;02;1277049.9046
08;2012;04;Cuisson;04;1193136.1391999999
08;2012;04;Froid_alimentaire;02;4748422.156800001
08;2013;01;Autre;01;8426585.356999999
08;2013;01;Autre;02;1126815.2832
08;2013;01;Autre;03;52433258.31
08;2013;01;Autre;04;41714.2646
08;2013;01;Bureautique;02;1172649.1049000002
08;2013;01;Cuisson;01;959309.2928
08;2013;01;Cuisson;02;4785607.812999999
08;2013;01;Cuisson;04;3545737.018
08;2013;01;Froid_alimentaire;02;10970147.3191
08;2013;02;Autre;01;6873748.197000001
08;2013;02;Autre;02;919098.8263000002
08;2013;02;Autre;03;42767748.136
08;2013;02;Autre;04;33509.1773
08;2013;02;Bureautique;02;956483.9133
08;2013;02;Cuisson;01;826289.4232
08;2013;02;Cuisson;02;3903431.808200001
08;2013;02;Cuisson;04;2848300.4028
08;2013;02;Froid_alimentaire;02;8947917.7277
08;2013;03;Autre;01;175064971.748
08;2013;03;Autre;02;23404843.189
08;2013;03;Autre;03;1089080023.9980001
08;2013;03;Autre;04;828278.5076000001
08;2013;03;Bureautique;02;24356849.0556
08;2013;03;Cuisson;01;23169207.683400005
08;2013;03;Cuisson;02;99400834.47569999
08;2013;03;Cuisson;04;70404164.074
08;2013;03;Froid_alimentaire;02;227858527.0564
08;2013;04;Autre;01;6309187.1067
08;2013;04;Autre;02;823390.1043
08;2013;04;Autre;03;39250067.603599995
08;2013;04;Autre;04;29944.2729
08;2013;04;Bureautique;02;932458.7895999998
08;2013;04;Cuisson;01;502689.7552999999
08;2013;04;Cuisson;02;1774889.9450000003
08;2013;04;Cuisson;04;1547009.7900999999
08;2013;04;Froid_alimentaire;02;6322956.8601
